"","ID","fava"
"M1070_s112_vaginal","M1070_s112_vaginal",0.00557999508296522
"M1070_s116_vaginal","M1070_s116_vaginal",0.0048239542895322
"M1070_s12_vaginal","M1070_s12_vaginal",0.0361493779161991
"M1070_s127_vaginal","M1070_s127_vaginal",0.0151650120844427
"M1070_s128_vaginal","M1070_s128_vaginal",0.0271578723192489
"M1070_s130_vaginal","M1070_s130_vaginal",0.0291183200394042
"M1070_s135_vaginal","M1070_s135_vaginal",0.00996182624582547
"M1070_s15_vaginal","M1070_s15_vaginal",0.0111666898000187
"M1070_s17_vaginal","M1070_s17_vaginal",0.0230570001996175
"M1070_s23_vaginal","M1070_s23_vaginal",0.00538959799668428
"M1070_s27_vaginal","M1070_s27_vaginal",0.00730455171210557
"M1070_s3_vaginal","M1070_s3_vaginal",0.0546506739109356
"M1070_s35_vaginal","M1070_s35_vaginal",0.0112359880605648
"M1070_s40_vaginal","M1070_s40_vaginal",0.0426317056584283
"M1070_s49_vaginal","M1070_s49_vaginal",0.0194476508181923
"M1070_s5_vaginal","M1070_s5_vaginal",0.0399009913830947
"M1070_s52_vaginal","M1070_s52_vaginal",0.010601433970345
"M1070_s53_vaginal","M1070_s53_vaginal",0.0143685868702506
"M1070_s55_vaginal","M1070_s55_vaginal",0.00594629060414223
"M1070_s59_vaginal","M1070_s59_vaginal",0.0201032235782103
"M1070_s60_vaginal","M1070_s60_vaginal",0.00666939927514534
"M1070_s7_vaginal","M1070_s7_vaginal",0.0171589883673114
"M1070_s77_vaginal","M1070_s77_vaginal",0.00528963830366714
"M1070_s82_vaginal","M1070_s82_vaginal",0.0102881246206367
"M1070_s96_vaginal","M1070_s96_vaginal",0.0159569067284516
"M1278_A_gut","M1278_A_gut",0.00754108550754181
"M1278_A_oral","M1278_A_oral",0.000116452583862408
"M1278_B_gut","M1278_B_gut",0.00682624023592623
"M1818_Astronaut_Armpit","M1818_Astronaut_Armpit",0.0177066000501086
"M1818_Astronaut_Back","M1818_Astronaut_Back",0.021502926218218
"M1818_Astronaut_Chest","M1818_Astronaut_Chest",0.0150487734357113
"M1818_Astronaut_Groin","M1818_Astronaut_Groin",0.018216673216939
"M1818_Astronaut_Leg","M1818_Astronaut_Leg",0.0187710952078703
"M2184_F4_gut","M2184_F4_gut",0.00228505065694918
"M2184_F4_oral","M2184_F4_oral",0.00193421076367096
"M2184_F4_skin","M2184_F4_skin",0.000549715900338289
"M2184_M3_gut","M2184_M3_gut",0.00230133551430861
"M2184_M3_oral","M2184_M3_oral",0.00415048304344808
"M2184_M3_skin","M2184_M3_skin",0.00255429829982141
"M3619_P014839_gut","M3619_P014839_gut",0.0529885895934381
"M3619_P015163_gut","M3619_P015163_gut",0.059408433024409
"M3659_Person.01.1_Foot","M3659_Person.01.1_Foot",0.0011262073710449
"M3659_Person.01.1_Hand","M3659_Person.01.1_Hand",0.00221947622626003
"M3659_Person.01.1_Nose","M3659_Person.01.1_Nose",0.000757610018543928
"M3659_Person.01.2_Foot","M3659_Person.01.2_Foot",0.00169749448873073
"M3659_Person.01.2_Hand","M3659_Person.01.2_Hand",0.0013714750570437
"M3659_Person.01.2_Nose","M3659_Person.01.2_Nose",0.0009934339965439
"M3659_Person.01.3_Foot","M3659_Person.01.3_Foot",0.000999806440582869
"M3659_Person.01.3_Hand","M3659_Person.01.3_Hand",0.00123917562341603
"M3659_Person.01.3_Nose","M3659_Person.01.3_Nose",0.000777682503034273
"M3659_Person.01.4_Foot","M3659_Person.01.4_Foot",0.00118968465059602
"M3659_Person.01.4_Hand","M3659_Person.01.4_Hand",0.00183582759818479
"M3659_Person.01.4_Nose","M3659_Person.01.4_Nose",0.000588836857743831
"M3659_Person.02.1_Foot","M3659_Person.02.1_Foot",0.000466976600073015
"M3659_Person.02.1_Hand","M3659_Person.02.1_Hand",0.000677458958376428
"M3659_Person.02.1_Nose","M3659_Person.02.1_Nose",0.000733200308676081
"M3659_Person.03.1_Foot","M3659_Person.03.1_Foot",0.000628570264807875
"M3659_Person.03.1_Hand","M3659_Person.03.1_Hand",0.000778656600499049
"M3659_Person.03.1_Nose","M3659_Person.03.1_Nose",0.00344019952745644
"M3659_Person.03.2_Foot","M3659_Person.03.2_Foot",0.000828377967045726
"M3659_Person.03.2_Hand","M3659_Person.03.2_Hand",0.0014119417827111
"M3659_Person.03.2_Nose","M3659_Person.03.2_Nose",0.000507966994488774
"M3659_Person.03.3_Foot","M3659_Person.03.3_Foot",0.000935424207116404
"M3659_Person.03.3_Hand","M3659_Person.03.3_Hand",0.000604439711550534
"M3659_Person.03.3_Nose","M3659_Person.03.3_Nose",0.00325592373343072
"M3659_Person.04.2_Foot","M3659_Person.04.2_Foot",0.000818432192430629
"M3659_Person.04.2_Hand","M3659_Person.04.2_Hand",0.000844643607837785
"M3659_Person.04.2_Nose","M3659_Person.04.2_Nose",0.00216374950574671
"M3659_Person.04.3_Foot","M3659_Person.04.3_Foot",0.000764554717728507
"M3659_Person.04.3_Hand","M3659_Person.04.3_Hand",0.000958445913078566
"M3659_Person.04.3_Nose","M3659_Person.04.3_Nose",0.00131657877503096
"M3659_Person.05.1_Foot","M3659_Person.05.1_Foot",0.00103856160203666
"M3659_Person.05.1_Hand","M3659_Person.05.1_Hand",0.000862616876902052
"M3659_Person.05.1_Nose","M3659_Person.05.1_Nose",0.0104381731034524
"M3659_Person.05.2_Foot","M3659_Person.05.2_Foot",0.000736767055933588
"M3659_Person.05.2_Hand","M3659_Person.05.2_Hand",0.000956663200833644
"M3659_Person.05.2_Nose","M3659_Person.05.2_Nose",0.00194957623474261
"M3659_Person.06.1_Foot","M3659_Person.06.1_Foot",0.000732848144704499
"M3659_Person.06.1_Hand","M3659_Person.06.1_Hand",0.000820034975052087
"M3659_Person.06.1_Nose","M3659_Person.06.1_Nose",0.00266874209873504
"M3659_Person.06.2_Foot","M3659_Person.06.2_Foot",0.000773987260966197
"M3659_Person.06.2_Hand","M3659_Person.06.2_Hand",0.000938073273781434
"M3659_Person.06.2_Nose","M3659_Person.06.2_Nose",0.000920268052892064
"M3659_Person.06.3_Foot","M3659_Person.06.3_Foot",0.000802301365112643
"M3659_Person.06.3_Hand","M3659_Person.06.3_Hand",0.00122598255065665
"M3659_Person.06.3_Nose","M3659_Person.06.3_Nose",0.00129448895468673
"M3659_Person.07.1_Foot","M3659_Person.07.1_Foot",0.000831485020155662
"M3659_Person.07.1_Hand","M3659_Person.07.1_Hand",0.00117452144078199
"M3659_Person.07.1_Nose","M3659_Person.07.1_Nose",0.000987104340006023
"M3659_Person.07.2_Foot","M3659_Person.07.2_Foot",0.000942485817573409
"M3659_Person.07.2_Hand","M3659_Person.07.2_Hand",0.00118688484092758
"M3659_Person.07.2_Nose","M3659_Person.07.2_Nose",0.00136533608725393
"M4708_X11_lung","M4708_X11_lung",0.0016207816637022
"M4729_ARI.0002_nasopharyngeal","M4729_ARI.0002_nasopharyngeal",0.0139367927920058
"M4729_ARI.0031_nasopharyngeal","M4729_ARI.0031_nasopharyngeal",0.0124768617571381
"M4729_ARI.0073_nasopharyngeal","M4729_ARI.0073_nasopharyngeal",0.0124909131886334
"M4729_ARI.0106_nasopharyngeal","M4729_ARI.0106_nasopharyngeal",0.0172626095463511
"M4729_ARI.0129_nasopharyngeal","M4729_ARI.0129_nasopharyngeal",0.0192455519307871
"M4729_ARI.0141_nasopharyngeal","M4729_ARI.0141_nasopharyngeal",0.0280136782075686
"M4729_ARI.0179_nasopharyngeal","M4729_ARI.0179_nasopharyngeal",0.0199197726795101
"M4729_ARI.0203_nasopharyngeal","M4729_ARI.0203_nasopharyngeal",0.0316625153801721
"M4729_ARI.0218_nasopharyngeal","M4729_ARI.0218_nasopharyngeal",0.0127153039308013
"M4729_ARI.0237_nasopharyngeal","M4729_ARI.0237_nasopharyngeal",0.0175599442105423
"M4729_ARI.0328_nasopharyngeal","M4729_ARI.0328_nasopharyngeal",0.0184392240513358
"M4729_ARI.0372_nasopharyngeal","M4729_ARI.0372_nasopharyngeal",0.0220394254254238
"M4729_ARI.0410_nasopharyngeal","M4729_ARI.0410_nasopharyngeal",0.0269114424667088
"M4729_ARI.0450_nasopharyngeal","M4729_ARI.0450_nasopharyngeal",0.0140820006573127
"M4729_ARI.0464_nasopharyngeal","M4729_ARI.0464_nasopharyngeal",0.0121265726916674
"M4729_ARI.0483_nasopharyngeal","M4729_ARI.0483_nasopharyngeal",0.015646077415457
"M4729_ARI.0484_nasopharyngeal","M4729_ARI.0484_nasopharyngeal",0.0128311131815035
"M4729_ARI.0501_nasopharyngeal","M4729_ARI.0501_nasopharyngeal",0.0141801564443571
"M4729_ARI.0585_nasopharyngeal","M4729_ARI.0585_nasopharyngeal",0.0158788562664059
"M4729_ARI.0604_nasopharyngeal","M4729_ARI.0604_nasopharyngeal",0.0118697478126464
"M4729_ARI.9998_nasopharyngeal","M4729_ARI.9998_nasopharyngeal",0.0123286346474509
"M5142_StL.TW10.1_fecal","M5142_StL.TW10.1_fecal",0.00633238869143246
"M5142_StL.TW10.2_fecal","M5142_StL.TW10.2_fecal",0.00726448211891284
"M5142_StL.TW12.1_fecal","M5142_StL.TW12.1_fecal",0.00431706147380172
"M5142_StL.TW12.2_fecal","M5142_StL.TW12.2_fecal",0.00498392729423605
"M5142_StL.TW13.1_fecal","M5142_StL.TW13.1_fecal",0.00427738476341506
"M5142_StL.TW13.2_fecal","M5142_StL.TW13.2_fecal",0.00480612396794234
"M5142_StL.TW14.1_fecal","M5142_StL.TW14.1_fecal",0.00507209467478683
"M5142_StL.TW14.2_fecal","M5142_StL.TW14.2_fecal",0.0053578987358779
"M5142_StL.TW15.1_fecal","M5142_StL.TW15.1_fecal",0.00515178892895145
"M5142_StL.TW15.2_fecal","M5142_StL.TW15.2_fecal",0.00584210837014196
"M5142_StL.TW16.1_fecal","M5142_StL.TW16.1_fecal",0.00383127891057899
"M5142_StL.TW16.2_fecal","M5142_StL.TW16.2_fecal",0.00369942937721019
"M5142_StL.TW17.1_fecal","M5142_StL.TW17.1_fecal",0.00522316692104284
"M5142_StL.TW17.2_fecal","M5142_StL.TW17.2_fecal",0.00511961306849203
"M5142_StL.TW18.1_fecal","M5142_StL.TW18.1_fecal",0.00574942686660881
"M5142_StL.TW18.2_fecal","M5142_StL.TW18.2_fecal",0.00532055225607975
"M5142_StL.TW19.1_fecal","M5142_StL.TW19.1_fecal",0.00272390392818898
"M5142_StL.TW19.2_fecal","M5142_StL.TW19.2_fecal",0.00314709018085257
"M5142_StL.TW2.1_fecal","M5142_StL.TW2.1_fecal",0.00389958682868034
"M5142_StL.TW2.2_fecal","M5142_StL.TW2.2_fecal",0.00344153815364684
"M5142_StL.TW20.1_fecal","M5142_StL.TW20.1_fecal",0.00458563973057046
"M5142_StL.TW20.2_fecal","M5142_StL.TW20.2_fecal",0.00626180796178579
"M5142_StL.TW21.2_fecal","M5142_StL.TW21.2_fecal",0.00613223716002893
"M5142_StL.TW23.1_fecal","M5142_StL.TW23.1_fecal",0.00726535710971244
"M5142_StL.TW23.2_fecal","M5142_StL.TW23.2_fecal",0.00621758725166932
"M5142_StL.TW24.1_fecal","M5142_StL.TW24.1_fecal",0.00608338755025853
"M5142_StL.TW24.2_fecal","M5142_StL.TW24.2_fecal",0.00559854249516978
"M5142_StL.TW25.1_fecal","M5142_StL.TW25.1_fecal",0.0060870147196887
"M5142_StL.TW25.2_fecal","M5142_StL.TW25.2_fecal",0.00579006158518399
"M5142_StL.TW26.1_fecal","M5142_StL.TW26.1_fecal",0.00398062156710167
"M5142_StL.TW27.1_fecal","M5142_StL.TW27.1_fecal",0.00517219057915466
"M5142_StL.TW27.2_fecal","M5142_StL.TW27.2_fecal",0.00493172910609386
"M5142_StL.TW28.1_fecal","M5142_StL.TW28.1_fecal",0.00690196214047094
"M5142_StL.TW28.2_fecal","M5142_StL.TW28.2_fecal",0.00656059018975943
"M5142_StL.TW29.1_fecal","M5142_StL.TW29.1_fecal",0.00640370010466672
"M5142_StL.TW29.2_fecal","M5142_StL.TW29.2_fecal",0.00576906923129949
"M5142_StL.TW3.1_fecal","M5142_StL.TW3.1_fecal",0.00411760850585331
"M5142_StL.TW3.2_fecal","M5142_StL.TW3.2_fecal",0.00406838578122498
"M5142_StL.TW30.1_fecal","M5142_StL.TW30.1_fecal",0.00510271242890846
"M5142_StL.TW30.2_fecal","M5142_StL.TW30.2_fecal",0.00546816426693078
"M5142_StL.TW32.1_fecal","M5142_StL.TW32.1_fecal",0.00590175879458846
"M5142_StL.TW32.2_fecal","M5142_StL.TW32.2_fecal",0.00526536228942216
"M5142_StL.TW33.1_fecal","M5142_StL.TW33.1_fecal",0.00628410350273634
"M5142_StL.TW33.2_fecal","M5142_StL.TW33.2_fecal",0.00494163273076371
"M5142_StL.TW35.1_fecal","M5142_StL.TW35.1_fecal",0.00435095702844878
"M5142_StL.TW35.2_fecal","M5142_StL.TW35.2_fecal",0.00554517061340777
"M5142_StL.TW36.1_fecal","M5142_StL.TW36.1_fecal",0.00584106859003691
"M5142_StL.TW36.2_fecal","M5142_StL.TW36.2_fecal",0.00412522809290665
"M5142_StL.TW37.1_fecal","M5142_StL.TW37.1_fecal",0.00258631422830522
"M5142_StL.TW37.2_fecal","M5142_StL.TW37.2_fecal",0.00233083282003407
"M5142_StL.TW39.1_fecal","M5142_StL.TW39.1_fecal",0.00577073650964528
"M5142_StL.TW39.2_fecal","M5142_StL.TW39.2_fecal",0.00590370721021863
"M5142_StL.TW4.1_fecal","M5142_StL.TW4.1_fecal",0.00395548721498225
"M5142_StL.TW4.2_fecal","M5142_StL.TW4.2_fecal",0.0034628962950503
"M5142_StL.TW40.1_fecal","M5142_StL.TW40.1_fecal",0.00546040325927021
"M5142_StL.TW40.2_fecal","M5142_StL.TW40.2_fecal",0.0047437467893686
"M5142_StL.TW42.1_fecal","M5142_StL.TW42.1_fecal",0.00397185475139121
"M5142_StL.TW42.2_fecal","M5142_StL.TW42.2_fecal",0.00497044949174073
"M5142_StL.TW43.1_fecal","M5142_StL.TW43.1_fecal",0.00512155600280376
"M5142_StL.TW43.2_fecal","M5142_StL.TW43.2_fecal",0.00617624439650604
"M5142_StL.TW44.1_fecal","M5142_StL.TW44.1_fecal",0.00436722473976679
"M5142_StL.TW44.2_fecal","M5142_StL.TW44.2_fecal",0.00422156266458528
"M5142_StL.TW45.1_fecal","M5142_StL.TW45.1_fecal",0.0046398350451067
"M5142_StL.TW45.2_fecal","M5142_StL.TW45.2_fecal",0.00502801414313367
"M5142_StL.TW47.1_fecal","M5142_StL.TW47.1_fecal",0.00311427011925674
"M5142_StL.TW47.2_fecal","M5142_StL.TW47.2_fecal",0.00327323324969265
"M5142_StL.TW5.1_fecal","M5142_StL.TW5.1_fecal",0.00773811889020849
"M5142_StL.TW5.2_fecal","M5142_StL.TW5.2_fecal",0.00587564930751291
"M5142_StL.TW6.1_fecal","M5142_StL.TW6.1_fecal",0.00409543184138142
"M5142_StL.TW6.2_fecal","M5142_StL.TW6.2_fecal",0.0050120420017662
"M5142_StL.TW8.1_fecal","M5142_StL.TW8.1_fecal",0.00247411243571437
"M5142_StL.TW8.2_fecal","M5142_StL.TW8.2_fecal",0.00265917224951672
"M5147_Bgmal1_gut","M5147_Bgmal1_gut",0.00696401660733784
"M5147_Bgmal10_gut","M5147_Bgmal10_gut",0.0026941141841876
"M5147_Bgmal22_gut","M5147_Bgmal22_gut",0.00710736153222248
"M5147_Bgmal25_gut","M5147_Bgmal25_gut",0.00841271716994956
"M5147_Bgmal3_gut","M5147_Bgmal3_gut",0.00520500179064718
"M5147_Bgmal32_gut","M5147_Bgmal32_gut",0.0041591830147375
"M5147_Bgmal37_gut","M5147_Bgmal37_gut",0.00810347414870355
"M5147_Bgmal40_gut","M5147_Bgmal40_gut",0.00535091906661177
"M5147_Bgmal41_gut","M5147_Bgmal41_gut",0.00611910603719298
"M5147_Bgmal43_gut","M5147_Bgmal43_gut",0.0060954358718042
"M5147_Bgmal44_gut","M5147_Bgmal44_gut",0.00518684996116524
"M5147_Bgmal45_gut","M5147_Bgmal45_gut",0.00773711965681363
"M5147_Bgmal5_gut","M5147_Bgmal5_gut",0.00635640381881027
"M5147_Bgmal50_gut","M5147_Bgmal50_gut",0.00366965730652196
"M5147_Bgmal56_gut","M5147_Bgmal56_gut",0.00634570076394253
"M5147_Bgmal57_gut","M5147_Bgmal57_gut",0.00632600278099382
"M5147_Bgmal60_gut","M5147_Bgmal60_gut",0.0128716528388544
"M5147_Bgmal63_gut","M5147_Bgmal63_gut",0.00920636514645656
"M5147_Bgmal64_gut","M5147_Bgmal64_gut",0.00486345761151417
"M5147_Bgmal7_gut","M5147_Bgmal7_gut",0.00484983968435458
"M5147_Bgsng7018_gut","M5147_Bgsng7018_gut",0.00306702811972761
"M5147_Bgsng7035_gut","M5147_Bgsng7035_gut",0.00799686117014575
"M5147_Bgsng7052_gut","M5147_Bgsng7052_gut",0.00289582968141783
"M5147_Bgsng7063_gut","M5147_Bgsng7063_gut",0.00346525159984779
"M5147_Bgsng7071_gut","M5147_Bgsng7071_gut",0.00303906788955092
"M5147_Bgsng7082_gut","M5147_Bgsng7082_gut",0.00257001048292278
"M5147_Bgsng7090_gut","M5147_Bgsng7090_gut",0.00302601957247165
"M5147_Bgsng7096_gut","M5147_Bgsng7096_gut",0.00231471037146166
"M5147_Bgsng7106_gut","M5147_Bgsng7106_gut",0.00878281934740724
"M5147_Bgsng7114_gut","M5147_Bgsng7114_gut",0.00314267326647827
"M5147_Bgsng7115_gut","M5147_Bgsng7115_gut",0.00326602522765398
"M5147_Bgsng7128_gut","M5147_Bgsng7128_gut",0.00797132718007823
"M5147_Bgsng7131_gut","M5147_Bgsng7131_gut",0.00839125361835456
"M5147_Bgsng7142_gut","M5147_Bgsng7142_gut",0.00291515207416615
"M5147_Bgsng7149_gut","M5147_Bgsng7149_gut",0.00346312754886723
"M5147_Bgsng7150_gut","M5147_Bgsng7150_gut",0.00858413679400488
"M5147_Bgsng7155_gut","M5147_Bgsng7155_gut",0.0083435057602954
"M5147_Bgsng7173_gut","M5147_Bgsng7173_gut",0.00927204984264555
"M5147_Bgsng7177_gut","M5147_Bgsng7177_gut",0.0124835402030326
"M5147_Bgsng7178_gut","M5147_Bgsng7178_gut",0.0110211035136715
"M5147_Bgsng7192_gut","M5147_Bgsng7192_gut",0.00244696664883137
"M5147_Bgsng7202_gut","M5147_Bgsng7202_gut",0.00868724234441543
"M5147_Bgsng7204_gut","M5147_Bgsng7204_gut",0.0140938098496297
"M5147_Bgsng8064_gut","M5147_Bgsng8064_gut",0.0082999995073449
"M5147_Bgsng8169_gut","M5147_Bgsng8169_gut",0.00697681137929176
"M5176_X7001_gut","M5176_X7001_gut",0.00318050091241537
"M5176_X7005_gut","M5176_X7005_gut",0.00393601727532106
"M5176_X7007_gut","M5176_X7007_gut",0.0048404902275101
"M5176_X7016_gut","M5176_X7016_gut",0.00382784592230246
"M5176_X7019_gut","M5176_X7019_gut",0.00343299285273544
"M5176_X7032_gut","M5176_X7032_gut",0.00393664740467245
"M5176_X7048_gut","M5176_X7048_gut",0.00303114285310246
"M5176_X7050_gut","M5176_X7050_gut",0.00345363696243503
"M5176_X7051_gut","M5176_X7051_gut",0.00487487050278106
"M5176_X7067_gut","M5176_X7067_gut",0.00226495521901229
"M5176_X7072_gut","M5176_X7072_gut",0.00369379001116114
"M5176_X7075_gut","M5176_X7075_gut",0.00243730826727709
"M5176_X7076_gut","M5176_X7076_gut",0.00423979670593558
"M5176_X7080_gut","M5176_X7080_gut",0.00575368606798864
"M5176_X7081_gut","M5176_X7081_gut",0.00417050008058247
"M5176_X7084_gut","M5176_X7084_gut",0.00751421030500277
"M5176_X7087_gut","M5176_X7087_gut",0.0031610841903749
"M5176_X7122_gut","M5176_X7122_gut",0.00174291805722859
"M5176_X7142_gut","M5176_X7142_gut",0.00258001335985529
"M5176_X7149_gut","M5176_X7149_gut",0.00331643278943816
"M5196_SP01_vaginal","M5196_SP01_vaginal",2.77028673468117e-05
"M5196_SP02_vaginal","M5196_SP02_vaginal",0.000446138066162583
"M5196_SP03_vaginal","M5196_SP03_vaginal",0.000737147908473204
"M5196_SP04_vaginal","M5196_SP04_vaginal",0.000360760851623202
"M5196_SP05_vaginal","M5196_SP05_vaginal",0.000278784754822746
"M5196_SP06_vaginal","M5196_SP06_vaginal",0.00148733422802753
"M5196_SP07_vaginal","M5196_SP07_vaginal",0.000259427969025652
"M5196_SP08_vaginal","M5196_SP08_vaginal",0.00104559068430595
"M5196_SP09_vaginal","M5196_SP09_vaginal",0.00157365937064279
"M5196_ST01_vaginal","M5196_ST01_vaginal",0.00121700466625694
"M5196_ST02_vaginal","M5196_ST02_vaginal",0.000710603516368108
"M5196_ST03_vaginal","M5196_ST03_vaginal",0.000696294801851421
"M5196_ST04_vaginal","M5196_ST04_vaginal",0.000863075189262837
"M5196_ST05_vaginal","M5196_ST05_vaginal",0
"M5196_ST06_vaginal","M5196_ST06_vaginal",0.000574340063545739
"M5196_ST07_vaginal","M5196_ST07_vaginal",0.000398112765603442
"M5196_ST08_vaginal","M5196_ST08_vaginal",0.000173495425005813
"M5196_ST09_vaginal","M5196_ST09_vaginal",0.000502235049061742
"M5196_ST10_vaginal","M5196_ST10_vaginal",0.000305375622328873
"M5196_ST11_vaginal","M5196_ST11_vaginal",0.00115924454713199
"M5196_ST13_vaginal","M5196_ST13_vaginal",0.000524558421899669
"M5196_ST14_vaginal","M5196_ST14_vaginal",3.99149409813693e-05
"M5196_ST15_vaginal","M5196_ST15_vaginal",0.000870208773451943
"M5196_ST16_vaginal","M5196_ST16_vaginal",0.000313402779708055
"M5196_ST17_vaginal","M5196_ST17_vaginal",0.000170265464496483
"M5196_ST18_vaginal","M5196_ST18_vaginal",0.00128509785401643
"M5196_ST19_vaginal","M5196_ST19_vaginal",0.00152050575225623
"M5196_ST20_vaginal","M5196_ST20_vaginal",0.000339422764352498
"M5196_ST21_vaginal","M5196_ST21_vaginal",0.00299406307063062
"M5196_ST22_vaginal","M5196_ST22_vaginal",0.000479392214919487
"M5196_ST23_vaginal","M5196_ST23_vaginal",0.000827754309369814
"M5196_ST24_vaginal","M5196_ST24_vaginal",0.000201179465716391
"M5196_ST25_vaginal","M5196_ST25_vaginal",0.0010474300941534
"M5196_ST26_vaginal","M5196_ST26_vaginal",0.000863449436433836
"M5196_ST27_vaginal","M5196_ST27_vaginal",0.000602471842367615
"M5196_ST28_vaginal","M5196_ST28_vaginal",0.0015991370427372
"M5196_ST29_vaginal","M5196_ST29_vaginal",0.000661553738426691
"M5196_ST30_vaginal","M5196_ST30_vaginal",0.000462058252321017
"M5196_UP15_vaginal","M5196_UP15_vaginal",0.000790005348408557
"M5196_UP17_vaginal","M5196_UP17_vaginal",0.00124548994934192
"M5196_UP19_vaginal","M5196_UP19_vaginal",0.00138380639545338
"M5196_UP20_vaginal","M5196_UP20_vaginal",0.00023529237400814
"M5196_UP21_vaginal","M5196_UP21_vaginal",0.000113762070970453
"M5196_UP22_vaginal","M5196_UP22_vaginal",0.000207988684782674
"M5196_UP25_vaginal","M5196_UP25_vaginal",0.00104689119487573
"M5196_UP26_vaginal","M5196_UP26_vaginal",0.00142998542479365
"M5196_UP27_vaginal","M5196_UP27_vaginal",0.00122416936306553
"M5196_UP28_vaginal","M5196_UP28_vaginal",0.000472497763495206
"M5196_UP31_vaginal","M5196_UP31_vaginal",0.000443946433848524
"M5196_UP33_vaginal","M5196_UP33_vaginal",0.000364902626695026
"M5196_UP34_vaginal","M5196_UP34_vaginal",0.000365763050372603
"M5196_UP35_vaginal","M5196_UP35_vaginal",0.000414867967343437
"M5196_UP37_vaginal","M5196_UP37_vaginal",0.000911356427309206
"M5196_UP38_vaginal","M5196_UP38_vaginal",0.000962646448475303
"M5196_UP39_vaginal","M5196_UP39_vaginal",0.0011704033215723
"M5196_UP40_vaginal","M5196_UP40_vaginal",0.00431331452647599
"M5196_UP41_vaginal","M5196_UP41_vaginal",0.000852666970097489
"M5196_UT01_vaginal","M5196_UT01_vaginal",0.0011478472984467
"M5196_UT02_vaginal","M5196_UT02_vaginal",0.000599902909320531
"M5196_UT03_vaginal","M5196_UT03_vaginal",0.000441278627649544
"M5196_UT04_vaginal","M5196_UT04_vaginal",0.00147529522550331
"M5196_UT05_vaginal","M5196_UT05_vaginal",0.0010919213485633
"M5196_UT06_vaginal","M5196_UT06_vaginal",0.000963602232242812
"M5196_UT07_vaginal","M5196_UT07_vaginal",0.000930057584074433
"M5196_UT08_vaginal","M5196_UT08_vaginal",0.00142575377115524
"M5196_UT09_vaginal","M5196_UT09_vaginal",0.000694941413027953
"M5196_UT10_vaginal","M5196_UT10_vaginal",0.00129444304850687
"M5196_UT11_vaginal","M5196_UT11_vaginal",0.00061691510797414
"M5196_UT12_vaginal","M5196_UT12_vaginal",0.00147170404772858
"M5196_UT13_vaginal","M5196_UT13_vaginal",0.000497263142225008
"M5196_UT14_vaginal","M5196_UT14_vaginal",0.00394831047531359
"M5196_UT15_vaginal","M5196_UT15_vaginal",0.0010236979694452
"M5196_UT16_vaginal","M5196_UT16_vaginal",0.000555496768043404
"M5196_UT18_vaginal","M5196_UT18_vaginal",0.000185082669818733
"M5196_UT19_vaginal","M5196_UT19_vaginal",0.000494297221596976
"M5196_UT20_vaginal","M5196_UT20_vaginal",0.00133484169323144
"M5196_UT21_vaginal","M5196_UT21_vaginal",0.000355471189907929
"M5196_UT22_vaginal","M5196_UT22_vaginal",0.00154627208933379
"M5196_UT23_vaginal","M5196_UT23_vaginal",0.00139506707811898
"M5196_UT24_vaginal","M5196_UT24_vaginal",0.000740519197977466
"M5196_UT26_vaginal","M5196_UT26_vaginal",0.00167410257488013
"M5196_UT27_vaginal","M5196_UT27_vaginal",0.00161645569670976
"M5196_UT29_vaginal","M5196_UT29_vaginal",0.000546793332889562
"M5196_UT30_vaginal","M5196_UT30_vaginal",0.00471472348814603
"M5196_UT31_vaginal","M5196_UT31_vaginal",0.00034742451677713
"M5196_UT32_vaginal","M5196_UT32_vaginal",0.00099527309021973
"M5196_UT33_vaginal","M5196_UT33_vaginal",0.000500458471570369
"M5196_UT34_vaginal","M5196_UT34_vaginal",0.000494627155399829
"M5196_UT35_vaginal","M5196_UT35_vaginal",0.0005578931349643
"M5196_UT38_vaginal","M5196_UT38_vaginal",0.00076121367071377
"M5196_UT39_vaginal","M5196_UT39_vaginal",0.0011358475343467
"M5196_UT40_vaginal","M5196_UT40_vaginal",0.000616254392996467
"M5196_UT42_vaginal","M5196_UT42_vaginal",0.00203985388769806
"M5196_UT43_vaginal","M5196_UT43_vaginal",0.000896350033397309
"M5196_UT44_vaginal","M5196_UT44_vaginal",0.0012620520346623
"M5196_UT45_vaginal","M5196_UT45_vaginal",0.000641145372149514
"M5196_UT46_vaginal","M5196_UT46_vaginal",0.000305083684412443
"M5196_UT47_vaginal","M5196_UT47_vaginal",0.000490603520841605
"M5196_UT48_vaginal","M5196_UT48_vaginal",0.000198940840780299
"M5196_UT49_vaginal","M5196_UT49_vaginal",0.000284030443672559
"M5196_UT50_vaginal","M5196_UT50_vaginal",0.00107460917446498
"M5196_UT51_vaginal","M5196_UT51_vaginal",0.00111283964761719
"M5196_UT52_vaginal","M5196_UT52_vaginal",0.000767644480405981
"M5196_UT53_vaginal","M5196_UT53_vaginal",0.000643566671869377
"M5196_UT54_vaginal","M5196_UT54_vaginal",0.00172372666957372
"M5196_UT55_vaginal","M5196_UT55_vaginal",0.000904246120179747
"M5261_X117_lung","M5261_X117_lung",0.00595902819531742
"M5261_X118_lung","M5261_X118_lung",0.0074707875960944
"M5261_X119_lung","M5261_X119_lung",0.0112242914161002
"M5261_X124_lung","M5261_X124_lung",0.00671871930559012
"M5261_X136_lung","M5261_X136_lung",0.00657662734534582
"M5261_X139_lung","M5261_X139_lung",0.0133361142684331
"M5261_X141_lung","M5261_X141_lung",0.00842300622538892
"M5261_X142_lung","M5261_X142_lung",0.0100006316952435
"M5261_X147_lung","M5261_X147_lung",0.00866329467477465
"M5261_X159_lung","M5261_X159_lung",0.00536966878752299
"M5261_X160_lung","M5261_X160_lung",0.00501944522725949
"M5261_X179_lung","M5261_X179_lung",0.0146540936503366
"M5261_X182_lung","M5261_X182_lung",0.0030913953186352
"M5261_X195_lung","M5261_X195_lung",0.00332699341340692
"M5261_X209_lung","M5261_X209_lung",0.0152594317588001
"M5261_X222_lung","M5261_X222_lung",0.00507732861863507
"M5261_X229_lung","M5261_X229_lung",0.00895217277223046
"M5261_X244_lung","M5261_X244_lung",0.00599839889071701
"M5261_X336_lung","M5261_X336_lung",0.00467661123122941
"M5261_X50_lung","M5261_X50_lung",0.0123022456803912
"M5261_X52_lung","M5261_X52_lung",0.0148771097783997
"M5261_X53_lung","M5261_X53_lung",0.00830663074942074
"M5261_X75_lung","M5261_X75_lung",0.00743226745590765
"M5261_X87_lung","M5261_X87_lung",0.00923595831026934
"M5261_X94_lung","M5261_X94_lung",0.0051084038734586
"M5378_E000823_gut","M5378_E000823_gut",0.00763317839409014
"M5378_E001463_gut","M5378_E001463_gut",0.0079969879540586
"M5378_E001958_gut","M5378_E001958_gut",0.0109445931835981
"M5378_E003188_gut","M5378_E003188_gut",0.0124945702194104
"M5378_E003872_gut","M5378_E003872_gut",0.00698847637516137
"M5378_E003953_gut","M5378_E003953_gut",0.00843512331833178
"M5378_E004016_gut","M5378_E004016_gut",0.0105163803415939
"M5378_E004709_gut","M5378_E004709_gut",0.00541334475899354
"M5378_E005786_gut","M5378_E005786_gut",0.0124727343505664
"M5378_E006091_gut","M5378_E006091_gut",0.0113242849012576
"M5378_E006493_gut","M5378_E006493_gut",0.00629738231581953
"M5378_E006547_gut","M5378_E006547_gut",0.00853729351974875
"M5378_E006574_gut","M5378_E006574_gut",0.00848134985319907
"M5378_E006781_gut","M5378_E006781_gut",0.0125653210979025
"M5378_E007944_gut","M5378_E007944_gut",0.0115322504982753
"M5378_E010481_gut","M5378_E010481_gut",0.0117140567154901
"M5378_E010581_gut","M5378_E010581_gut",0.0112393794456779
"M5378_E010590_gut","M5378_E010590_gut",0.00815696580212945
"M5378_E010629_gut","M5378_E010629_gut",0.0076847196762042
"M5378_E010682_gut","M5378_E010682_gut",0.0094128256357437
"M5378_E010937_gut","M5378_E010937_gut",0.0101112709944594
"M5378_E011279_gut","M5378_E011279_gut",0.00689936296627342
"M5378_E011878_gut","M5378_E011878_gut",0.00530573861864014
"M5378_E012854_gut","M5378_E012854_gut",0.0112846976163723
"M5378_E013094_gut","M5378_E013094_gut",0.00662091586143226
"M5378_E013505_gut","M5378_E013505_gut",0.00617091954039199
"M5378_E014086_gut","M5378_E014086_gut",0.00775705533654841
"M5378_E014403_gut","M5378_E014403_gut",0.0123141387129119
"M5378_E016063_gut","M5378_E016063_gut",0.0179219478100707
"M5378_E016273_gut","M5378_E016273_gut",0.00777951802321121
"M5378_E016426_gut","M5378_E016426_gut",0.0101201023815299
"M5378_E016924_gut","M5378_E016924_gut",0.00529261338030507
"M5378_E017497_gut","M5378_E017497_gut",0.00678380022903622
"M5378_E017751_gut","M5378_E017751_gut",0.00844789604158628
"M5378_E017833_gut","M5378_E017833_gut",0.00821165134470515
"M5378_E018113_gut","M5378_E018113_gut",0.0095628718604983
"M5378_E018268_gut","M5378_E018268_gut",0.00612910309180347
"M5378_E018286_gut","M5378_E018286_gut",0.0118111350675402
"M5378_E019092_gut","M5378_E019092_gut",0.010785439793611
"M5378_E019763_gut","M5378_E019763_gut",0.0154360336128044
"M5378_E020570_gut","M5378_E020570_gut",0.00644738704436773
"M5378_E020924_gut","M5378_E020924_gut",0.0109070747266568
"M5378_E021032_gut","M5378_E021032_gut",0.0121155723845807
"M5378_E021235_gut","M5378_E021235_gut",0.0109895890773717
"M5378_E021406_gut","M5378_E021406_gut",0.00825592926545305
"M5378_E021822_gut","M5378_E021822_gut",0.0118110023311049
"M5378_E021940_gut","M5378_E021940_gut",0.00648034292034272
"M5378_E022137_gut","M5378_E022137_gut",0.00659146569762682
"M5378_E022497_gut","M5378_E022497_gut",0.0102492893281865
"M5378_E022852_gut","M5378_E022852_gut",0.00979372415315225
"M5378_E023445_gut","M5378_E023445_gut",0.0136834105558276
"M5378_E024907_gut","M5378_E024907_gut",0.013336050663945
"M5378_E026325_gut","M5378_E026325_gut",0.00568918767273763
"M5378_E028794_gut","M5378_E028794_gut",0.00950734578990473
"M5378_E035134_gut","M5378_E035134_gut",0.00601901751759467
"M5378_T025418_gut","M5378_T025418_gut",0.00709267761908973
"M5791_p8600_gut","M5791_p8600_gut",0.0168089810148739
"M5791_p8646_gut","M5791_p8646_gut",0.0179353229210978
"M5791_p8775_gut","M5791_p8775_gut",0.0112684780503481
"M5816_alien_gut","M5816_alien_gut",0.0131958085575183
"M5860_X107.02_gut","M5860_X107.02_gut",0.116465280509892
"M5860_X180.01_gut","M5860_X180.01_gut",0.0413001679889229
"M5860_X234.01_gut","M5860_X234.01_gut",0.0655240944419127
"M5860_X265.01_gut","M5860_X265.01_gut",0.123300332128391
"M5860_X286.02_gut","M5860_X286.02_gut",0.054604511708679
"M6120_C3011_gut","M6120_C3011_gut",0.000238827644272492
"M6120_C3013_gut","M6120_C3013_gut",0.0018047129457592
"M6120_C3022_gut","M6120_C3022_gut",0.000917047894065253
"M6120_C3027_gut","M6120_C3027_gut",0.00142719817884431
"M6120_C3028_gut","M6120_C3028_gut",0.00048964980207406
"M6120_C3031_gut","M6120_C3031_gut",0.000983665029283546
"M6120_H4007_gut","M6120_H4007_gut",0.000482900420748506
"M6120_H4010_gut","M6120_H4010_gut",0.000767155543071819
"M6120_H4016_gut","M6120_H4016_gut",0.00202176849234507
"M6120_H4020_gut","M6120_H4020_gut",0.000109732208628913
"M6120_H4024_gut","M6120_H4024_gut",0.000269820643006305
"M6120_H4044_gut","M6120_H4044_gut",0.00160153734801458
"M6120_M2026_gut","M6120_M2026_gut",0.192448268586008
"M6120_M2028_gut","M6120_M2028_gut",0.000596251160700272
"M6120_M2034_gut","M6120_M2034_gut",0.00204000840505904
"M6120_M2041_gut","M6120_M2041_gut",0.00024789580241024
"M6120_M2042_gut","M6120_M2042_gut",0.000344862442587845
"M6120_M2047_gut","M6120_M2047_gut",0.000349521137648608
"M6120_M2064_gut","M6120_M2064_gut",0.000305098646386704
"M6120_M2068_gut","M6120_M2068_gut",0.000709312919390659
"M6120_M2072_gut","M6120_M2072_gut",0.000955202448307334
"M6120_M2077_gut","M6120_M2077_gut",0.000558142832133172
"M6120_M2083_gut","M6120_M2083_gut",0.00270085240817038
"M6120_M2085_gut","M6120_M2085_gut",0.000777417420284671
"M6120_P6010_gut","M6120_P6010_gut",0.00254412506154487
"M6120_P6012_gut","M6120_P6012_gut",0.00662752833241902
"M6120_P6017_gut","M6120_P6017_gut",0.000242594558103187
"M6263_MH002_oropharyngeal","M6263_MH002_oropharyngeal",0.00185302065798864
"M6263_MH003_oropharyngeal","M6263_MH003_oropharyngeal",0.00228294601058566
"M6263_MH007_oropharyngeal","M6263_MH007_oropharyngeal",0.00126214678669181
"M6263_MH008_oropharyngeal","M6263_MH008_oropharyngeal",0.00124393342272328
"M6263_MH010_oropharyngeal","M6263_MH010_oropharyngeal",0.00123845979185581
"M6263_MH013_oropharyngeal","M6263_MH013_oropharyngeal",0.00157653479269818
"M6263_MH014_oropharyngeal","M6263_MH014_oropharyngeal",0.000845533742290225
"M6263_MH017_oropharyngeal","M6263_MH017_oropharyngeal",0.000733848084104466
"M6263_MH019_oropharyngeal","M6263_MH019_oropharyngeal",0.000296257947948795
"M6263_MH023_oropharyngeal","M6263_MH023_oropharyngeal",0.00201988196703503
"M6263_MH024_oropharyngeal","M6263_MH024_oropharyngeal",0.00120441120869995
"M6263_MH025_oropharyngeal","M6263_MH025_oropharyngeal",0.000807971046502689
"M6263_MH026_oropharyngeal","M6263_MH026_oropharyngeal",0.0013363842124847
"M6263_MH031_oropharyngeal","M6263_MH031_oropharyngeal",0.000279729990578944
"M6263_MH032_oropharyngeal","M6263_MH032_oropharyngeal",0.0015876704845837
"M6263_MH033_oropharyngeal","M6263_MH033_oropharyngeal",0.00158946364135468
"M6263_MH034_oropharyngeal","M6263_MH034_oropharyngeal",0.000702980871760484
"M6263_MH036_oropharyngeal","M6263_MH036_oropharyngeal",0.00248643864152648
"M6263_MH037_oropharyngeal","M6263_MH037_oropharyngeal",0.0016441580546329
"M6263_MH040_oropharyngeal","M6263_MH040_oropharyngeal",0.00113537234034221
"M6263_MH041_oropharyngeal","M6263_MH041_oropharyngeal",0.000863281728770135
"M6263_MH043_oropharyngeal","M6263_MH043_oropharyngeal",0.00198724533634827
"M6263_MH047_oropharyngeal","M6263_MH047_oropharyngeal",0.00187989701480227
"M6263_MH049_oropharyngeal","M6263_MH049_oropharyngeal",0.00415466500985492
"M6263_MH050_oropharyngeal","M6263_MH050_oropharyngeal",0.000597847813172033
"M6263_RF006_oropharyngeal","M6263_RF006_oropharyngeal",0.00121697740991615
"M6263_RF012_oropharyngeal","M6263_RF012_oropharyngeal",0.00103387910639188
"M6263_RF013_oropharyngeal","M6263_RF013_oropharyngeal",0.00126501360169457
"M6263_RF014_oropharyngeal","M6263_RF014_oropharyngeal",0.000875818771219257
"M6263_RF016_oropharyngeal","M6263_RF016_oropharyngeal",0.000290667000488977
"M6263_RF017_oropharyngeal","M6263_RF017_oropharyngeal",0.000533972266436272
"M6263_RF021_oropharyngeal","M6263_RF021_oropharyngeal",0.000333108060749806
"M6263_RF024_oropharyngeal","M6263_RF024_oropharyngeal",0.00085788228713991
"M6263_RF025_oropharyngeal","M6263_RF025_oropharyngeal",0.00116778225518754
"M6263_RF026_oropharyngeal","M6263_RF026_oropharyngeal",0.000548965779937748
"M6263_RF033_oropharyngeal","M6263_RF033_oropharyngeal",0.000144254476224339
"M6263_RF034_oropharyngeal","M6263_RF034_oropharyngeal",0.000765462190487683
"M6273_bat_lung","M6273_bat_lung",0.038327551483305
"M6273_dragon_lung","M6273_dragon_lung",0.0286032579718962
"M6273_fox_lung","M6273_fox_lung",0.0102552257909959
"M6273_nonCF1_lung","M6273_nonCF1_lung",0.00246892984153307
"M6273_reindeer_lung","M6273_reindeer_lung",0.0258997203331171
"M6273_sculpin_lung","M6273_sculpin_lung",0.0381057038189104
"M6273_sunshine_lung","M6273_sunshine_lung",0.0351134707511074
"M6469_A_lung","M6469_A_lung",0.00144296501604805
"M6469_B_lung","M6469_B_lung",0.00123447233500251
"M6469_C_lung","M6469_C_lung",0.000516847983608625
"M6469_D_lung","M6469_D_lung",0.000556897266978393
"M6469_E_lung","M6469_E_lung",0.000899816159265037
"M6530_X1_lung","M6530_X1_lung",0.00190971739471409
"M6530_X2_lung","M6530_X2_lung",0.00373332978686676
"M6530_X3_lung","M6530_X3_lung",0.00390568132304281
"M6530_X4_lung","M6530_X4_lung",0.0086543711342579
"M6530_X5_lung","M6530_X5_lung",0.00269320071847326
"M6530_X6_lung","M6530_X6_lung",0.0150473541909798
"M6638_X1101.1.1.BSIF_nasopharyngeal","M6638_X1101.1.1.BSIF_nasopharyngeal",0.00218593288740896
"M6638_X1133.1.1.ZMIF_nasopharyngeal","M6638_X1133.1.1.ZMIF_nasopharyngeal",0.00251616461524549
"M6638_X1144.1.1.ZBIF_nasopharyngeal","M6638_X1144.1.1.ZBIF_nasopharyngeal",0.00739737407040102
"M6638_X1147.1.1.SFIF_nasopharyngeal","M6638_X1147.1.1.SFIF_nasopharyngeal",0.00699200663617967
"M6638_X1173.1.1.SFIF_nasopharyngeal","M6638_X1173.1.1.SFIF_nasopharyngeal",0.00305913365744321
"M6638_X1193.1.1.AMIF_nasopharyngeal","M6638_X1193.1.1.AMIF_nasopharyngeal",0.00304625645077192
"M6638_X1194.1.1.LSIF_nasopharyngeal","M6638_X1194.1.1.LSIF_nasopharyngeal",0.00277835855214687
"M6638_X1231.1.1.NMIF_nasopharyngeal","M6638_X1231.1.1.NMIF_nasopharyngeal",0.00357139807784714
"M6638_X1268.1.1.SMIF_nasopharyngeal","M6638_X1268.1.1.SMIF_nasopharyngeal",0.00290134929979856
"M6638_X1295.1.1.NMIF_nasopharyngeal","M6638_X1295.1.1.NMIF_nasopharyngeal",0.00603828591894282
"M6638_X1300.1.1.XMIF_nasopharyngeal","M6638_X1300.1.1.XMIF_nasopharyngeal",0.00780506890413766
"M6638_X1304.1.1.NWIF_nasopharyngeal","M6638_X1304.1.1.NWIF_nasopharyngeal",0.00501179119456006
"M6638_X1309.1.1.TMIF_nasopharyngeal","M6638_X1309.1.1.TMIF_nasopharyngeal",0.00730583696194005
"M6638_X1316.1.1.NNIF_nasopharyngeal","M6638_X1316.1.1.NNIF_nasopharyngeal",0.00857917855748306
"M6638_X1317.1.1.NMIF_nasopharyngeal","M6638_X1317.1.1.NMIF_nasopharyngeal",0.00845428899727239
"M6638_X1319.1.1.LSIF_nasopharyngeal","M6638_X1319.1.1.LSIF_nasopharyngeal",0.00609953362624748
"M6638_X1325.1.1.ANIF_nasopharyngeal","M6638_X1325.1.1.ANIF_nasopharyngeal",0.00742594194230815
"M6638_X1333.1.1.ZSIF_nasopharyngeal","M6638_X1333.1.1.ZSIF_nasopharyngeal",0.00693782301514385
"M6638_X1343.1.1.XSIF_nasopharyngeal","M6638_X1343.1.1.XSIF_nasopharyngeal",0.00753540511664838
"M6638_X1361.1.1.NMIF_nasopharyngeal","M6638_X1361.1.1.NMIF_nasopharyngeal",0.00575210627022832
"M6638_X1364.1.1.CBIF_nasopharyngeal","M6638_X1364.1.1.CBIF_nasopharyngeal",0.00701412344025408
"M6638_X1366.1.1.NTIF_nasopharyngeal","M6638_X1366.1.1.NTIF_nasopharyngeal",0.00468474602193247
"M6638_X1395.1.1.NNIF_nasopharyngeal","M6638_X1395.1.1.NNIF_nasopharyngeal",0.00707201044064699
"M6638_X1398.1.1.BMIF_nasopharyngeal","M6638_X1398.1.1.BMIF_nasopharyngeal",0.00757666809372854
"M6638_X1426.1.1.PTIF_nasopharyngeal","M6638_X1426.1.1.PTIF_nasopharyngeal",0.00404010839935552
"M6638_X1436.1.1.OMIF_nasopharyngeal","M6638_X1436.1.1.OMIF_nasopharyngeal",0.00647606939307388
"M6638_X1445.1.1.AJIF_nasopharyngeal","M6638_X1445.1.1.AJIF_nasopharyngeal",0.00488039352861194
"M6638_X1454.1.1.TNIF_nasopharyngeal","M6638_X1454.1.1.TNIF_nasopharyngeal",0.00576143160492008
"M6638_X1463.1.1.PTIF_nasopharyngeal","M6638_X1463.1.1.PTIF_nasopharyngeal",0.00625366617122504
"M6638_X1470.1.1.KMIF_nasopharyngeal","M6638_X1470.1.1.KMIF_nasopharyngeal",0.00429892435685535
"M6638_X1476.1.1.NMIF_nasopharyngeal","M6638_X1476.1.1.NMIF_nasopharyngeal",0.00564968754817978
"M6638_X1483.1.1.AMIF_nasopharyngeal","M6638_X1483.1.1.AMIF_nasopharyngeal",0.00367399292780962
"M6638_X1511.1.1.BQIF_nasopharyngeal","M6638_X1511.1.1.BQIF_nasopharyngeal",0.00480346948321906
"M6638_X1513.1.1.MNIF_nasopharyngeal","M6638_X1513.1.1.MNIF_nasopharyngeal",0.00606072785482901
"M6638_X1585.1.1.NVIF_nasopharyngeal","M6638_X1585.1.1.NVIF_nasopharyngeal",0.00589667262919408
"M6638_X1592.1.1.VNIF_nasopharyngeal","M6638_X1592.1.1.VNIF_nasopharyngeal",0.00456001293156181
"M6638_X1597.1.1.UMIF_nasopharyngeal","M6638_X1597.1.1.UMIF_nasopharyngeal",0.00494793079300839
"M6638_X1614.1.1.KZIF_nasopharyngeal","M6638_X1614.1.1.KZIF_nasopharyngeal",0.00608978873074153
"M6638_X1615.1.1.ESIF_nasopharyngeal","M6638_X1615.1.1.ESIF_nasopharyngeal",0.00404445984941993
"M6638_X1623.1.1.TSIF_nasopharyngeal","M6638_X1623.1.1.TSIF_nasopharyngeal",0.00329771466259703
"M6638_X1633.1.1.KBIF_nasopharyngeal","M6638_X1633.1.1.KBIF_nasopharyngeal",0.00464776778251848
"M6638_X1720.1.1.ZSIF_nasopharyngeal","M6638_X1720.1.1.ZSIF_nasopharyngeal",0.00381162894125808
"M6638_X1738.1.1.PMIF_nasopharyngeal","M6638_X1738.1.1.PMIF_nasopharyngeal",0.00245167137670279
"M6638_X1739.1.1.MKIF_nasopharyngeal","M6638_X1739.1.1.MKIF_nasopharyngeal",0.00315615829650264
"M6638_X1746.1.1.PKIF_nasopharyngeal","M6638_X1746.1.1.PKIF_nasopharyngeal",0.00335065372827635
"M6638_X1753.1.1.VFIF_nasopharyngeal","M6638_X1753.1.1.VFIF_nasopharyngeal",0.00505509142098937
"M6638_X1774.1.1.NRIF_nasopharyngeal","M6638_X1774.1.1.NRIF_nasopharyngeal",0.00388410222773837
"M6638_X1777.1.1.ZTIF_nasopharyngeal","M6638_X1777.1.1.ZTIF_nasopharyngeal",0.00728797902833301
"M6638_X1791.1.1.NGIF_nasopharyngeal","M6638_X1791.1.1.NGIF_nasopharyngeal",0.00617534422337206
"M6638_X1811.1.1.BMIF_nasopharyngeal","M6638_X1811.1.1.BMIF_nasopharyngeal",0.00891392780414764
"M6638_X1813.1.1.NMIF_nasopharyngeal","M6638_X1813.1.1.NMIF_nasopharyngeal",0.00658422024615823
"M6638_X1826.1.1.BMIF_nasopharyngeal","M6638_X1826.1.1.BMIF_nasopharyngeal",0.00245528593858827
"M6638_X1951.1.1.GTIF_nasopharyngeal","M6638_X1951.1.1.GTIF_nasopharyngeal",0.0023839613053678
"M6638_X1985.1.1.KJIF_nasopharyngeal","M6638_X1985.1.1.KJIF_nasopharyngeal",0.0028193876261948
"M6638_X1991.1.1.SNIF_nasopharyngeal","M6638_X1991.1.1.SNIF_nasopharyngeal",0.00410390982685992
"M6638_X3108.1.1.SAIF_nasopharyngeal","M6638_X3108.1.1.SAIF_nasopharyngeal",0.00628874255954533
"M6638_X3110.1.1.AWIF_nasopharyngeal","M6638_X3110.1.1.AWIF_nasopharyngeal",0.00539436296569917
"M6638_X3167.1.1.OMIF_nasopharyngeal","M6638_X3167.1.1.OMIF_nasopharyngeal",0.00587411575207736
"M6638_X3172.1.1.HKIF_nasopharyngeal","M6638_X3172.1.1.HKIF_nasopharyngeal",0.00418363404504761
"M6638_X3185.1.1.JDIF_nasopharyngeal","M6638_X3185.1.1.JDIF_nasopharyngeal",0.00479451242448501
"M6638_X3217.1.1.PAIF_nasopharyngeal","M6638_X3217.1.1.PAIF_nasopharyngeal",0.00330015841992388
"M6638_X3269.1.1.BMIF_nasopharyngeal","M6638_X3269.1.1.BMIF_nasopharyngeal",0.00194863136822741
"M6638_X3276.1.1.KJIF_nasopharyngeal","M6638_X3276.1.1.KJIF_nasopharyngeal",0.00385025287234398
"M6638_X3307.1.1.MKIF_nasopharyngeal","M6638_X3307.1.1.MKIF_nasopharyngeal",0.00397737336822089
"M6638_X3322.1.1.MFIF_nasopharyngeal","M6638_X3322.1.1.MFIF_nasopharyngeal",0.00469605931563816
"M6638_X3330.1.1.AVIF_nasopharyngeal","M6638_X3330.1.1.AVIF_nasopharyngeal",0.00374768008619446
"M6638_X3353.1.1.FJIF_nasopharyngeal","M6638_X3353.1.1.FJIF_nasopharyngeal",0.00464400038087656
"M6638_X3377.1.1.TCIF_nasopharyngeal","M6638_X3377.1.1.TCIF_nasopharyngeal",0.005277115136354
"M6638_X3382.1.1.HNIF_nasopharyngeal","M6638_X3382.1.1.HNIF_nasopharyngeal",0.00383091183014176
"M6638_X3392.1.1.NDIF_nasopharyngeal","M6638_X3392.1.1.NDIF_nasopharyngeal",0.00527393096813012
"M6638_X3450.1.1.SGIF_nasopharyngeal","M6638_X3450.1.1.SGIF_nasopharyngeal",0.00467600444204446
"M6638_X3468.1.1.AJIF_nasopharyngeal","M6638_X3468.1.1.AJIF_nasopharyngeal",0.00475724197780014
"M6638_X3473.1.1.FPIF_nasopharyngeal","M6638_X3473.1.1.FPIF_nasopharyngeal",0.00360261945693383
"M6638_X3510.1.1.AMIF_nasopharyngeal","M6638_X3510.1.1.AMIF_nasopharyngeal",0.00452865186142654
"M6638_X3567.1.1.DWIF_nasopharyngeal","M6638_X3567.1.1.DWIF_nasopharyngeal",0.00285178025413629
"M6638_X3621.1.1.NHIF_nasopharyngeal","M6638_X3621.1.1.NHIF_nasopharyngeal",0.00571329774328521
"M6638_X3628.1.1.SJIF_nasopharyngeal","M6638_X3628.1.1.SJIF_nasopharyngeal",0.0052563010233794
"M6638_X3660.1.1.GDIF_nasopharyngeal","M6638_X3660.1.1.GDIF_nasopharyngeal",0.0052762116189369
"M6638_X3689.1.1.FDIF_nasopharyngeal","M6638_X3689.1.1.FDIF_nasopharyngeal",0.00380416709660528
"M6638_X3690.1.1.LTIF_nasopharyngeal","M6638_X3690.1.1.LTIF_nasopharyngeal",0.00575636840236704
"M6638_X3703.1.1.EKIF_nasopharyngeal","M6638_X3703.1.1.EKIF_nasopharyngeal",0.0055349639923842
"M6638_X3711.1.1.CAIF_nasopharyngeal","M6638_X3711.1.1.CAIF_nasopharyngeal",0.00471649340624833
"M1068_S10_saliva","M1068_S10_saliva",9.57987237093357e-05
"M1068_S11_saliva","M1068_S11_saliva",0.000118896997168905
"M1068_S1_saliva","M1068_S1_saliva",2.94308746129853e-05
"M1068_S2_saliva","M1068_S2_saliva",6.15980143023293e-05
"M1068_S10_supragingival.placque","M1068_S10_supragingival.placque",0.000111410505049019
"M1068_S11_supragingival.placque","M1068_S11_supragingival.placque",0.000126948192890435
"M1068_S1_supragingival.placque","M1068_S1_supragingival.placque",0.000240858494053066
"M1068_S4_supragingival.placque","M1068_S4_supragingival.placque",9.51730416755868e-05
"M1068_S10_tongue.dorsum","M1068_S10_tongue.dorsum",0.000316984018692554
"M1068_S11_tongue.dorsum","M1068_S11_tongue.dorsum",6.33462061622597e-05
"M1068_S1_tongue.dorsum","M1068_S1_tongue.dorsum",0.000731188278875117
"M1068_S4_tongue.dorsum","M1068_S4_tongue.dorsum",0.000494538491193617
"M0278_Infant1_gut","M0278_Infant1_gut",0.0886945062315569
"M0308_Patient2_gut","M0308_Patient2_gut",0.0108469475695732
"M2184_F4_skin.extra","M2184_F4_skin.extra",0.00125569778710385
"M2184_M3_skin.extra","M2184_M3_skin.extra",0.00164928680491344
"MT5147_Bgtw1.M_gut","MT5147_Bgtw1.M_gut",0.00156985336920543
"MT5147_Bgtw1.T1_gut","MT5147_Bgtw1.T1_gut",0.00936469827061298
"MT5147_Bgtw1.T2_gut","MT5147_Bgtw1.T2_gut",0.0079538904815718
"MT5147_Bgtw10.M_gut","MT5147_Bgtw10.M_gut",0.00131098011688768
"MT5147_Bgtw10.T1_gut","MT5147_Bgtw10.T1_gut",0.0084026593140215
"MT5147_Bgtw10.T2_gut","MT5147_Bgtw10.T2_gut",0.00923448157906382
"MT5147_Bgtw11.M_gut","MT5147_Bgtw11.M_gut",0.00241643626023505
"MT5147_Bgtw11.T1_gut","MT5147_Bgtw11.T1_gut",0.0110640385154836
"MT5147_Bgtw11.T2_gut","MT5147_Bgtw11.T2_gut",0.00861161512767816
"MT5147_Bgtw12.M_gut","MT5147_Bgtw12.M_gut",0.0012790129595975
"MT5147_Bgtw12.T1_gut","MT5147_Bgtw12.T1_gut",0.0106907581564393
"MT5147_Bgtw12.T2_gut","MT5147_Bgtw12.T2_gut",0.00926004530543468
"MT5147_Bgtw2.M_gut","MT5147_Bgtw2.M_gut",0.00188570771708489
"MT5147_Bgtw2.T1_gut","MT5147_Bgtw2.T1_gut",0.00529462082061656
"MT5147_Bgtw2.T2_gut","MT5147_Bgtw2.T2_gut",0.00686194168235771
"MT5147_Bgtw3.M_gut","MT5147_Bgtw3.M_gut",0.0033185618439116
"MT5147_Bgtw3.T1_gut","MT5147_Bgtw3.T1_gut",0.00992968263806706
"MT5147_Bgtw3.T2_gut","MT5147_Bgtw3.T2_gut",0.00814709899626155
"MT5147_Bgtw4.M_gut","MT5147_Bgtw4.M_gut",0.00240650966881661
"MT5147_Bgtw4.T1_gut","MT5147_Bgtw4.T1_gut",0.00936930314831059
"MT5147_Bgtw4.T2_gut","MT5147_Bgtw4.T2_gut",0.00816840528881766
"MT5147_Bgtw4.T3_gut","MT5147_Bgtw4.T3_gut",0.00718241712786392
"MT5147_Bgtw5.M_gut","MT5147_Bgtw5.M_gut",0.00230639760153025
"MT5147_Bgtw5.T1_gut","MT5147_Bgtw5.T1_gut",0.00968539202964507
"MT5147_Bgtw5.T2_gut","MT5147_Bgtw5.T2_gut",0.00966953048687259
"MT5147_Bgtw6.T2_gut","MT5147_Bgtw6.T2_gut",0.0072217579070858
"MT5147_Bgtw7.M_gut","MT5147_Bgtw7.M_gut",0.00372228684384471
"MT5147_Bgtw7.T1_gut","MT5147_Bgtw7.T1_gut",0.0109592836713979
"MT5147_Bgtw7.T2_gut","MT5147_Bgtw7.T2_gut",0.009619953629796
"MT5147_Bgtw8.M_gut","MT5147_Bgtw8.M_gut",0.00155418505387285
"MT5147_Bgtw8.T1_gut","MT5147_Bgtw8.T1_gut",0.00791146133421252
"MT5147_Bgtw8.T2_gut","MT5147_Bgtw8.T2_gut",0.00754279855063442
"MT5147_Bgtw9.T1_gut","MT5147_Bgtw9.T1_gut",0.00812509680965924
"MT5147_Bgtw9.T2_gut","MT5147_Bgtw9.T2_gut",0.00983001892243034
