"","est","lower","upper","Study"
"M1070_s112_vaginal",-0.722590652416411,-0.79536117680542,-0.649820128027403,"M1070_s112_vaginal"
"M1070_s116_vaginal",NA,NA,NA,"M1070_s116_vaginal"
"M1070_s12_vaginal",-0.722718036293721,-0.795442565818736,-0.649993506768706,"M1070_s12_vaginal"
"M1070_s127_vaginal",-0.722130459884094,-0.795240031316898,-0.649020888451289,"M1070_s127_vaginal"
"M1070_s128_vaginal",-0.723357494980386,-0.795575925913704,-0.651139064047069,"M1070_s128_vaginal"
"M1070_s130_vaginal",-0.721672185558515,-0.795157049292614,-0.648187321824417,"M1070_s130_vaginal"
"M1070_s135_vaginal",-0.722919048178273,-0.795456934011233,-0.650381162345312,"M1070_s135_vaginal"
"M1070_s15_vaginal",-0.721737218943562,-0.795128419756655,-0.648346018130468,"M1070_s15_vaginal"
"M1070_s17_vaginal",-0.722705987720652,-0.795425676591154,-0.649986298850149,"M1070_s17_vaginal"
"M1070_s23_vaginal",-0.723677655712237,-0.795689735117068,-0.651665576307406,"M1070_s23_vaginal"
"M1070_s27_vaginal",-0.722703651419947,-0.795402661593799,-0.650004641246094,"M1070_s27_vaginal"
"M1070_s3_vaginal",-0.724225993251519,-0.795858162599995,-0.652593823903043,"M1070_s3_vaginal"
"M1070_s35_vaginal",-0.722947540830318,-0.795460720998261,-0.650434360662374,"M1070_s35_vaginal"
"M1070_s40_vaginal",-0.723354473818484,-0.795580390093916,-0.651128557543053,"M1070_s40_vaginal"
"M1070_s49_vaginal",-0.722296750688595,-0.795277298411115,-0.649316202966075,"M1070_s49_vaginal"
"M1070_s5_vaginal",-0.723174207803174,-0.795520017424064,-0.650828398182283,"M1070_s5_vaginal"
"M1070_s52_vaginal",-0.722191774246302,-0.795289571177679,-0.649093977314926,"M1070_s52_vaginal"
"M1070_s53_vaginal",-0.720761402043423,-0.794904245007354,-0.646618559079493,"M1070_s53_vaginal"
"M1070_s55_vaginal",-0.723222772090004,-0.795551822391338,-0.650893721788669,"M1070_s55_vaginal"
"M1070_s59_vaginal",-0.723370897692722,-0.795600657893122,-0.651141137492321,"M1070_s59_vaginal"
"M1070_s60_vaginal",-0.72191564596765,-0.795192216873802,-0.648639075061499,"M1070_s60_vaginal"
"M1070_s7_vaginal",-0.722082566308122,-0.795220856701935,-0.64894427591431,"M1070_s7_vaginal"
"M1070_s77_vaginal",-0.723278932812549,-0.795552729011569,-0.651005136613528,"M1070_s77_vaginal"
"M1070_s82_vaginal",-0.722003591642692,-0.795233938395769,-0.648773244889615,"M1070_s82_vaginal"
"M1070_s96_vaginal",-0.722238537932575,-0.795287308632402,-0.649189767232748,"M1070_s96_vaginal"
"M1278_A_gut",-0.722991324684947,-0.795864533898748,-0.650118115471146,"M1278_A_gut"
"M1278_B_gut",-0.729728966027277,-0.800941027557957,-0.658516904496597,"M1278_B_gut"
"M1818_Astronaut_Armpit",-0.721246668649151,-0.794289460507365,-0.648203876790937,"M1818_Astronaut_Armpit"
"M1818_Astronaut_Back",-0.72286997369708,-0.796190024285163,-0.649549923108998,"M1818_Astronaut_Back"
"M1818_Astronaut_Chest",-0.721723477081961,-0.794721041405234,-0.648725912758689,"M1818_Astronaut_Chest"
"M1818_Astronaut_Groin",-0.721126252952347,-0.793979855072072,-0.648272650832621,"M1818_Astronaut_Groin"
"M1818_Astronaut_Leg",-0.722115469748981,-0.795169069695349,-0.649061869802613,"M1818_Astronaut_Leg"
"M2184_F4_gut",-0.722891795202528,-0.795395116973892,-0.650388473431165,"M2184_F4_gut"
"M2184_F4_oral",-0.725115107079724,-0.795425684357296,-0.654804529802153,"M2184_F4_oral"
"M2184_F4_skin.extra",-0.722609287562059,-0.795542756329118,-0.649675818795,"M2184_F4_skin.extra"
"M2184_F4_skin",-0.721159876457073,-0.795482415885546,-0.6468373370286,"M2184_F4_skin"
"M2184_M3_gut",-0.725252698326214,-0.795481344401348,-0.655024052251079,"M2184_M3_gut"
"M2184_M3_oral",-0.723716548492666,-0.795377525391196,-0.652055571594136,"M2184_M3_oral"
"M2184_M3_skin.extra",-0.729202208631011,-0.795882146514281,-0.662522270747742,"M2184_M3_skin.extra"
"M2184_M3_skin",-0.726202723721271,-0.795615721751021,-0.65678972569152,"M2184_M3_skin"
"M3619_P014839_gut",-0.723123465274764,-0.79661572928714,-0.649631201262388,"M3619_P014839_gut"
"M3619_P015163_gut",-0.721773629404579,-0.795462029273073,-0.648085229536085,"M3619_P015163_gut"
"M3659_Person.01.1_Foot",-0.722497627091828,-0.79545611490198,-0.649539139281676,"M3659_Person.01.1_Foot"
"M3659_Person.01.1_Hand",-0.722425620112276,-0.795313736039257,-0.649537504185295,"M3659_Person.01.1_Hand"
"M3659_Person.01.1_Nose",-0.722355491593059,-0.795178601326256,-0.649532381859862,"M3659_Person.01.1_Nose"
"M3659_Person.01.2_Foot",-0.722313282362287,-0.795098166336784,-0.649528398387791,"M3659_Person.01.2_Foot"
"M3659_Person.01.2_Hand",-0.722344446974436,-0.795157740682996,-0.649531153265875,"M3659_Person.01.2_Hand"
"M3659_Person.01.2_Nose",-0.722272642897862,-0.795023121386916,-0.649522164408808,"M3659_Person.01.2_Nose"
"M3659_Person.01.3_Foot",-0.72240415127002,-0.795272982128748,-0.649535320411292,"M3659_Person.01.3_Foot"
"M3659_Person.01.3_Hand",-0.722394181065285,-0.795253367453288,-0.649534994677281,"M3659_Person.01.3_Hand"
"M3659_Person.01.3_Nose",-0.722175447186795,-0.794833299832939,-0.64951759454065,"M3659_Person.01.3_Nose"
"M3659_Person.01.4_Foot",-0.72228818582509,-0.795049624713817,-0.649526746936363,"M3659_Person.01.4_Foot"
"M3659_Person.01.4_Hand",-0.722219198955963,-0.794912619023207,-0.64952577888872,"M3659_Person.01.4_Hand"
"M3659_Person.01.4_Nose",-0.722377100744751,-0.795222434362917,-0.649531767126584,"M3659_Person.01.4_Nose"
"M3659_Person.02.1_Foot",-0.722369565880691,-0.795203481725302,-0.64953565003608,"M3659_Person.02.1_Foot"
"M3659_Person.02.1_Hand",-0.722258199158402,-0.794987637576386,-0.649528760740418,"M3659_Person.02.1_Hand"
"M3659_Person.02.1_Nose",-0.722162773288965,-0.794811269602298,-0.649514276975632,"M3659_Person.02.1_Nose"
"M3659_Person.03.1_Foot",-0.722224453103333,-0.794923967691504,-0.649524938515162,"M3659_Person.03.1_Foot"
"M3659_Person.03.1_Hand",-0.722347327886114,-0.795161305849344,-0.649533349922885,"M3659_Person.03.1_Hand"
"M3659_Person.03.1_Nose",-0.722369556620578,-0.795208305716911,-0.649530807524245,"M3659_Person.03.1_Nose"
"M3659_Person.03.2_Foot",-0.72237621630239,-0.795217840414963,-0.649534592189818,"M3659_Person.03.2_Foot"
"M3659_Person.03.2_Hand",-0.722416909215487,-0.795301453612002,-0.649532364818971,"M3659_Person.03.2_Hand"
"M3659_Person.03.2_Nose",-0.722189689962012,-0.794858548128734,-0.64952083179529,"M3659_Person.03.2_Nose"
"M3659_Person.03.3_Foot",-0.722356843058024,-0.795186441040908,-0.64952724507514,"M3659_Person.03.3_Foot"
"M3659_Person.03.3_Hand",-0.722417422336156,-0.795301961157302,-0.64953288351501,"M3659_Person.03.3_Hand"
"M3659_Person.03.3_Nose",-0.722259869735545,-0.794993881483583,-0.649525857987508,"M3659_Person.03.3_Nose"
"M3659_Person.04.2_Foot",-0.722444693450063,-0.795349604262832,-0.649539782637295,"M3659_Person.04.2_Foot"
"M3659_Person.04.2_Hand",-0.72238582529871,-0.795236339853751,-0.649535310743669,"M3659_Person.04.2_Hand"
"M3659_Person.04.2_Nose",-0.722409545203447,-0.795285037152723,-0.649534053254172,"M3659_Person.04.2_Nose"
"M3659_Person.04.3_Foot",-0.722541305138637,-0.795542604173914,-0.64954000610336,"M3659_Person.04.3_Foot"
"M3659_Person.04.3_Hand",-0.722562962007765,-0.795585557718064,-0.649540366297467,"M3659_Person.04.3_Hand"
"M3659_Person.04.3_Nose",-0.72232309110178,-0.795113268731386,-0.649532913472174,"M3659_Person.04.3_Nose"
"M3659_Person.05.1_Foot",-0.722453379122351,-0.795369190055366,-0.649537568189337,"M3659_Person.05.1_Foot"
"M3659_Person.05.1_Hand",-0.722436471096979,-0.795336722806614,-0.649536219387344,"M3659_Person.05.1_Hand"
"M3659_Person.05.1_Nose",-0.722669066230877,-0.795795636111708,-0.649542496350047,"M3659_Person.05.1_Nose"
"M3659_Person.05.2_Foot",-0.722497409032864,-0.795457049225173,-0.649537768840555,"M3659_Person.05.2_Foot"
"M3659_Person.05.2_Hand",-0.722556848192459,-0.795574861452057,-0.64953883493286,"M3659_Person.05.2_Hand"
"M3659_Person.05.2_Nose",-0.722477274867472,-0.795415043908069,-0.649539505826875,"M3659_Person.05.2_Nose"
"M3659_Person.06.1_Foot",-0.722558222067673,-0.795578780886625,-0.649537663248722,"M3659_Person.06.1_Foot"
"M3659_Person.06.1_Hand",-0.722432538191276,-0.79532948265004,-0.649535593732513,"M3659_Person.06.1_Hand"
"M3659_Person.06.1_Nose",-0.722666514489735,-0.795790740140163,-0.649542288839308,"M3659_Person.06.1_Nose"
"M3659_Person.06.2_Foot",-0.722495218392875,-0.795452092562217,-0.649538344223534,"M3659_Person.06.2_Foot"
"M3659_Person.06.2_Hand",-0.722479053733624,-0.795421352462344,-0.649536755004904,"M3659_Person.06.2_Hand"
"M3659_Person.06.2_Nose",-0.722492150883609,-0.795444568362234,-0.649539733404984,"M3659_Person.06.2_Nose"
"M3659_Person.06.3_Foot",-0.722406425958378,-0.795277998457346,-0.64953485345941,"M3659_Person.06.3_Foot"
"M3659_Person.06.3_Hand",-0.722516419551911,-0.795494958814689,-0.649537880289133,"M3659_Person.06.3_Hand"
"M3659_Person.06.3_Nose",-0.722572325103705,-0.795603091079816,-0.649541559127594,"M3659_Person.06.3_Nose"
"M3659_Person.07.1_Foot",-0.722467157464844,-0.795397729846887,-0.649536585082802,"M3659_Person.07.1_Foot"
"M3659_Person.07.1_Hand",-0.722507745344814,-0.795477135184311,-0.649538355505316,"M3659_Person.07.1_Hand"
"M3659_Person.07.1_Nose",-0.722330140893299,-0.795126803323795,-0.649533478462802,"M3659_Person.07.1_Nose"
"M3659_Person.07.2_Foot",-0.722334661452272,-0.79513541532809,-0.649533907576454,"M3659_Person.07.2_Foot"
"M3659_Person.07.2_Hand",-0.722532672836903,-0.795525803610476,-0.649539542063329,"M3659_Person.07.2_Hand"
"M3659_Person.07.2_Nose",-0.722249864499914,-0.794970388963244,-0.649529340036585,"M3659_Person.07.2_Nose"
"M4729_ARI.0002_nasopharyngeal",-0.721669712581556,-0.794755899496778,-0.648583525666335,"M4729_ARI.0002_nasopharyngeal"
"M4729_ARI.0031_nasopharyngeal",-0.722444333908748,-0.795347517988463,-0.649541149829034,"M4729_ARI.0031_nasopharyngeal"
"M4729_ARI.0073_nasopharyngeal",NA,NA,NA,"M4729_ARI.0073_nasopharyngeal"
"M4729_ARI.0106_nasopharyngeal",-0.72150806770135,-0.794593922853714,-0.648422212548986,"M4729_ARI.0106_nasopharyngeal"
"M4729_ARI.0129_nasopharyngeal",-0.723270190706328,-0.796037508010582,-0.650502873402073,"M4729_ARI.0129_nasopharyngeal"
"M4729_ARI.0141_nasopharyngeal",-0.722717776522761,-0.795580321199296,-0.649855231846227,"M4729_ARI.0141_nasopharyngeal"
"M4729_ARI.0179_nasopharyngeal",-0.722254979322827,-0.795189783894537,-0.649320174751117,"M4729_ARI.0179_nasopharyngeal"
"M4729_ARI.0203_nasopharyngeal",-0.722306083839561,-0.795250471303841,-0.649361696375282,"M4729_ARI.0203_nasopharyngeal"
"M4729_ARI.0218_nasopharyngeal",-0.72345842025675,-0.796218425669231,-0.650698414844268,"M4729_ARI.0218_nasopharyngeal"
"M4729_ARI.0237_nasopharyngeal",-0.722505911100548,-0.795414174272722,-0.649597647928375,"M4729_ARI.0237_nasopharyngeal"
"M4729_ARI.0328_nasopharyngeal",-0.721824640565665,-0.794854047716318,-0.648795233415012,"M4729_ARI.0328_nasopharyngeal"
"M4729_ARI.0372_nasopharyngeal",-0.722730366152266,-0.795575574652093,-0.649885157652439,"M4729_ARI.0372_nasopharyngeal"
"M4729_ARI.0410_nasopharyngeal",-0.722440287522527,-0.795350397623452,-0.649530177421603,"M4729_ARI.0410_nasopharyngeal"
"M4729_ARI.0450_nasopharyngeal",-0.722078569300992,-0.795063701301594,-0.649093437300391,"M4729_ARI.0450_nasopharyngeal"
"M4729_ARI.0464_nasopharyngeal",-0.722772488872951,-0.795612983782173,-0.64993199396373,"M4729_ARI.0464_nasopharyngeal"
"M4729_ARI.0483_nasopharyngeal",-0.722729925143423,-0.795623883815902,-0.649835966470943,"M4729_ARI.0483_nasopharyngeal"
"M4729_ARI.0484_nasopharyngeal",-0.722313944973568,-0.795244653164414,-0.649383236782722,"M4729_ARI.0484_nasopharyngeal"
"M4729_ARI.0501_nasopharyngeal",-0.722865778744119,-0.795713546964555,-0.650018010523683,"M4729_ARI.0501_nasopharyngeal"
"M4729_ARI.0585_nasopharyngeal",-0.722721383562968,-0.795596539488773,-0.649846227637162,"M4729_ARI.0585_nasopharyngeal"
"M4729_ARI.0604_nasopharyngeal",-0.722005629233133,-0.795016754124455,-0.64899450434181,"M4729_ARI.0604_nasopharyngeal"
"M4729_ARI.9998_nasopharyngeal",-0.722561483457562,-0.795452276682778,-0.649670690232347,"M4729_ARI.9998_nasopharyngeal"
"M5142_StL.TW10.1_fecal",-0.722619452627402,-0.795542998186701,-0.649695907068103,"M5142_StL.TW10.1_fecal"
"M5142_StL.TW10.2_fecal",-0.722368432535428,-0.795239067139052,-0.649497797931805,"M5142_StL.TW10.2_fecal"
"M5142_StL.TW12.1_fecal",-0.722492274960912,-0.795387923148667,-0.649596626773157,"M5142_StL.TW12.1_fecal"
"M5142_StL.TW12.2_fecal",-0.72230558292907,-0.795162146623276,-0.649449019234864,"M5142_StL.TW12.2_fecal"
"M5142_StL.TW13.1_fecal",-0.722304647254115,-0.795162388421238,-0.649446906086993,"M5142_StL.TW13.1_fecal"
"M5142_StL.TW13.2_fecal",-0.722435617376389,-0.795324163182411,-0.649547071570367,"M5142_StL.TW13.2_fecal"
"M5142_StL.TW14.1_fecal",-0.72234143461732,-0.795208617199596,-0.649474252035044,"M5142_StL.TW14.1_fecal"
"M5142_StL.TW14.2_fecal",-0.722447289593961,-0.795337233934331,-0.649557345253591,"M5142_StL.TW14.2_fecal"
"M5142_StL.TW15.1_fecal",-0.722384966915846,-0.795257029277893,-0.6495129045538,"M5142_StL.TW15.1_fecal"
"M5142_StL.TW15.2_fecal",-0.722674200219437,-0.795610449224835,-0.649737951214038,"M5142_StL.TW15.2_fecal"
"M5142_StL.TW16.1_fecal",-0.722500844065444,-0.795398960709225,-0.649602727421663,"M5142_StL.TW16.1_fecal"
"M5142_StL.TW16.2_fecal",-0.722531084630647,-0.795435481285958,-0.649626687975335,"M5142_StL.TW16.2_fecal"
"M5142_StL.TW17.1_fecal",-0.722541153662996,-0.795447299895589,-0.649635007430403,"M5142_StL.TW17.1_fecal"
"M5142_StL.TW17.2_fecal",-0.722480238674124,-0.795373230460513,-0.649587246887734,"M5142_StL.TW17.2_fecal"
"M5142_StL.TW18.1_fecal",-0.72269734675212,-0.795640069285921,-0.649754624218319,"M5142_StL.TW18.1_fecal"
"M5142_StL.TW18.2_fecal",-0.722472670599729,-0.795363276496428,-0.64958206470303,"M5142_StL.TW18.2_fecal"
"M5142_StL.TW19.1_fecal",-0.722408839054008,-0.79528510835349,-0.649532569754526,"M5142_StL.TW19.1_fecal"
"M5142_StL.TW19.2_fecal",-0.722357130791223,-0.795222399217552,-0.649491862364893,"M5142_StL.TW19.2_fecal"
"M5142_StL.TW2.1_fecal",-0.72235552896611,-0.795223275288001,-0.649487782644219,"M5142_StL.TW2.1_fecal"
"M5142_StL.TW2.2_fecal",-0.722235776492752,-0.795080863147002,-0.649390689838502,"M5142_StL.TW2.2_fecal"
"M5142_StL.TW20.1_fecal",-0.722179406067299,-0.795010975046869,-0.649347837087729,"M5142_StL.TW20.1_fecal"
"M5142_StL.TW20.2_fecal",-0.722579525368504,-0.795495711619305,-0.649663339117704,"M5142_StL.TW20.2_fecal"
"M5142_StL.TW21.2_fecal",-0.722630259618824,-0.795555623207545,-0.649704896030103,"M5142_StL.TW21.2_fecal"
"M5142_StL.TW23.1_fecal",-0.722271262167311,-0.795122003804763,-0.649420520529859,"M5142_StL.TW23.1_fecal"
"M5142_StL.TW23.2_fecal",-0.722253374389932,-0.795100095034042,-0.649406653745823,"M5142_StL.TW23.2_fecal"
"M5142_StL.TW24.1_fecal",-0.722224805940329,-0.795066065330824,-0.649383546549834,"M5142_StL.TW24.1_fecal"
"M5142_StL.TW24.2_fecal",-0.722285921996095,-0.795138494557938,-0.649433349434253,"M5142_StL.TW24.2_fecal"
"M5142_StL.TW25.1_fecal",-0.722440135405734,-0.795327387782613,-0.649552883028854,"M5142_StL.TW25.1_fecal"
"M5142_StL.TW25.2_fecal",-0.722340947665144,-0.795205328164048,-0.64947656716624,"M5142_StL.TW25.2_fecal"
"M5142_StL.TW26.1_fecal",-0.722491443851507,-0.795387875080524,-0.649595012622491,"M5142_StL.TW26.1_fecal"
"M5142_StL.TW27.1_fecal",-0.72245860298546,-0.795349226894606,-0.649567979076314,"M5142_StL.TW27.1_fecal"
"M5142_StL.TW27.2_fecal",-0.722498860298124,-0.795398783283824,-0.649598937312424,"M5142_StL.TW27.2_fecal"
"M5142_StL.TW28.1_fecal",-0.722426898371158,-0.795309290665693,-0.649544506076623,"M5142_StL.TW28.1_fecal"
"M5142_StL.TW28.2_fecal",-0.722288148179628,-0.795140764847666,-0.64943553151159,"M5142_StL.TW28.2_fecal"
"M5142_StL.TW29.1_fecal",-0.722294763238911,-0.795148475131922,-0.6494410513459,"M5142_StL.TW29.1_fecal"
"M5142_StL.TW29.2_fecal",-0.72238025219852,-0.795253602597635,-0.649506901799405,"M5142_StL.TW29.2_fecal"
"M5142_StL.TW3.1_fecal",-0.72255379733425,-0.795462758664017,-0.649644836004482,"M5142_StL.TW3.1_fecal"
"M5142_StL.TW3.2_fecal",-0.722415357358046,-0.79529524831477,-0.649535466401322,"M5142_StL.TW3.2_fecal"
"M5142_StL.TW30.1_fecal",-0.722392872007824,-0.795266781789083,-0.649518962226565,"M5142_StL.TW30.1_fecal"
"M5142_StL.TW30.2_fecal",-0.722472056632984,-0.795364537584039,-0.649579575681928,"M5142_StL.TW30.2_fecal"
"M5142_StL.TW32.1_fecal",-0.722205501254242,-0.795042269744543,-0.64936873276394,"M5142_StL.TW32.1_fecal"
"M5142_StL.TW32.2_fecal",-0.722315621923726,-0.795175401322151,-0.649455842525301,"M5142_StL.TW32.2_fecal"
"M5142_StL.TW33.1_fecal",-0.72248492828041,-0.795377793506643,-0.649592063054177,"M5142_StL.TW33.1_fecal"
"M5142_StL.TW33.2_fecal",-0.72262967317147,-0.795555028590679,-0.649704317752261,"M5142_StL.TW33.2_fecal"
"M5142_StL.TW35.1_fecal",-0.722261849454719,-0.795110696486088,-0.649413002423351,"M5142_StL.TW35.1_fecal"
"M5142_StL.TW35.2_fecal",-0.722373529163108,-0.795243457546774,-0.649503600779442,"M5142_StL.TW35.2_fecal"
"M5142_StL.TW36.1_fecal",-0.722451518752986,-0.795339355279585,-0.649563682226387,"M5142_StL.TW36.1_fecal"
"M5142_StL.TW36.2_fecal",-0.722284966444666,-0.795139864751154,-0.649430068138179,"M5142_StL.TW36.2_fecal"
"M5142_StL.TW37.1_fecal",-0.722382245800426,-0.79525375519799,-0.649510736402862,"M5142_StL.TW37.1_fecal"
"M5142_StL.TW37.2_fecal",-0.722293512401799,-0.795147261171079,-0.64943976363252,"M5142_StL.TW37.2_fecal"
"M5142_StL.TW39.1_fecal",-0.722586477684224,-0.795505987073668,-0.649666968294781,"M5142_StL.TW39.1_fecal"
"M5142_StL.TW39.2_fecal",-0.722458736501787,-0.795348993531593,-0.649568479471981,"M5142_StL.TW39.2_fecal"
"M5142_StL.TW4.1_fecal",-0.722289464416893,-0.795144276071158,-0.649434652762629,"M5142_StL.TW4.1_fecal"
"M5142_StL.TW4.2_fecal",-0.722418724551067,-0.795297589203096,-0.649539859899038,"M5142_StL.TW4.2_fecal"
"M5142_StL.TW40.1_fecal",-0.722274475133059,-0.795125437467696,-0.649423512798422,"M5142_StL.TW40.1_fecal"
"M5142_StL.TW40.2_fecal",-0.722333930306539,-0.795196124235323,-0.649471736377755,"M5142_StL.TW40.2_fecal"
"M5142_StL.TW42.1_fecal",-0.722299636066436,-0.795154283475716,-0.649444988657156,"M5142_StL.TW42.1_fecal"
"M5142_StL.TW42.2_fecal",-0.722409205868233,-0.795286375223073,-0.649532036513392,"M5142_StL.TW42.2_fecal"
"M5142_StL.TW43.1_fecal",-0.722479849885473,-0.795371869109921,-0.649587830661025,"M5142_StL.TW43.1_fecal"
"M5142_StL.TW43.2_fecal",-0.722482099729367,-0.795375119434898,-0.649589080023835,"M5142_StL.TW43.2_fecal"
"M5142_StL.TW44.1_fecal",-0.72224622362381,-0.795093419205722,-0.649399028041898,"M5142_StL.TW44.1_fecal"
"M5142_StL.TW44.2_fecal",-0.722356252362439,-0.795224549173296,-0.649487955551583,"M5142_StL.TW44.2_fecal"
"M5142_StL.TW45.1_fecal",-0.722427862096845,-0.795313145967298,-0.649542578226391,"M5142_StL.TW45.1_fecal"
"M5142_StL.TW45.2_fecal",-0.722576094734584,-0.795489970266045,-0.649662219203123,"M5142_StL.TW45.2_fecal"
"M5142_StL.TW47.1_fecal",-0.722467608371981,-0.795356537824231,-0.649578678919732,"M5142_StL.TW47.1_fecal"
"M5142_StL.TW47.2_fecal",-0.722353155771008,-0.795221083162227,-0.64948522837979,"M5142_StL.TW47.2_fecal"
"M5142_StL.TW5.1_fecal",-0.72258790705923,-0.795507782071318,-0.649668032047143,"M5142_StL.TW5.1_fecal"
"M5142_StL.TW5.2_fecal",-0.722539761191872,-0.795444574800656,-0.649634947583087,"M5142_StL.TW5.2_fecal"
"M5142_StL.TW6.1_fecal",-0.722280041037201,-0.795131949759128,-0.649428132315273,"M5142_StL.TW6.1_fecal"
"M5142_StL.TW6.2_fecal",-0.722414468703982,-0.795293616323465,-0.649535321084498,"M5142_StL.TW6.2_fecal"
"M5142_StL.TW8.1_fecal",-0.722331022373424,-0.795192759787026,-0.649469284959821,"M5142_StL.TW8.1_fecal"
"M5142_StL.TW8.2_fecal",-0.722362298905271,-0.795231379690565,-0.649493218119976,"M5142_StL.TW8.2_fecal"
"M5147_Bgmal1_gut",-0.722255718918872,-0.795113366274114,-0.649398071563631,"M5147_Bgmal1_gut"
"M5147_Bgmal10_gut",-0.722138152845184,-0.794974350155005,-0.649301955535364,"M5147_Bgmal10_gut"
"M5147_Bgmal22_gut",-0.721810152380294,-0.79461210058291,-0.649008204177678,"M5147_Bgmal22_gut"
"M5147_Bgmal25_gut",-0.722255768852832,-0.795117751334002,-0.649393786371663,"M5147_Bgmal25_gut"
"M5147_Bgmal3_gut",-0.722275280113341,-0.795136619758589,-0.649413940468092,"M5147_Bgmal3_gut"
"M5147_Bgmal32_gut",-0.7228288800625,-0.795794969180532,-0.649862790944468,"M5147_Bgmal32_gut"
"M5147_Bgmal37_gut",-0.722224945464253,-0.795076265500221,-0.649373625428286,"M5147_Bgmal37_gut"
"M5147_Bgmal40_gut",-0.722158955712384,-0.795004375209758,-0.64931353621501,"M5147_Bgmal40_gut"
"M5147_Bgmal41_gut",-0.722338527292244,-0.795213303532159,-0.649463751052328,"M5147_Bgmal41_gut"
"M5147_Bgmal43_gut",-0.722314154341135,-0.795182049144474,-0.649446259537796,"M5147_Bgmal43_gut"
"M5147_Bgmal44_gut",-0.722090882078117,-0.794926912836569,-0.649254851319666,"M5147_Bgmal44_gut"
"M5147_Bgmal45_gut",-0.722411993499006,-0.795296992439684,-0.649526994558327,"M5147_Bgmal45_gut"
"M5147_Bgmal5_gut",-0.722204022211496,-0.795053635070614,-0.649354409352379,"M5147_Bgmal5_gut"
"M5147_Bgmal50_gut",-0.722143642140237,-0.794987819137637,-0.649299465142837,"M5147_Bgmal50_gut"
"M5147_Bgmal56_gut",-0.722978214266846,-0.79598270714145,-0.649973721392242,"M5147_Bgmal56_gut"
"M5147_Bgmal57_gut",-0.722195301770393,-0.795046772977677,-0.649343830563109,"M5147_Bgmal57_gut"
"M5147_Bgmal60_gut",-0.722443446586867,-0.795333409376519,-0.649553483797215,"M5147_Bgmal60_gut"
"M5147_Bgmal63_gut",-0.722555289487394,-0.795465531549106,-0.649645047425683,"M5147_Bgmal63_gut"
"M5147_Bgmal64_gut",-0.722386960745425,-0.795268921725772,-0.649504999765077,"M5147_Bgmal64_gut"
"M5147_Bgmal7_gut",-0.722061883947633,-0.794884901463919,-0.649238866431347,"M5147_Bgmal7_gut"
"M5147_Bgsng7018_gut",-0.722269580634234,-0.795128785365202,-0.649410375903265,"M5147_Bgsng7018_gut"
"M5147_Bgsng7035_gut",-0.72242278143144,-0.795307012313481,-0.649538550549398,"M5147_Bgsng7035_gut"
"M5147_Bgsng7052_gut",-0.7226019955802,-0.795519737950426,-0.649684253209973,"M5147_Bgsng7052_gut"
"M5147_Bgsng7063_gut",-0.722199660848888,-0.795048655398243,-0.649350666299533,"M5147_Bgsng7063_gut"
"M5147_Bgsng7071_gut",-0.722266696116853,-0.795127510699258,-0.649405881534448,"M5147_Bgsng7071_gut"
"M5147_Bgsng7082_gut",-0.722289705292424,-0.795154339624673,-0.649425070960174,"M5147_Bgsng7082_gut"
"M5147_Bgsng7090_gut",-0.722572884244306,-0.795484377332286,-0.649661391156326,"M5147_Bgsng7090_gut"
"M5147_Bgsng7096_gut",-0.722437722366206,-0.795326949361496,-0.649548495370917,"M5147_Bgsng7096_gut"
"M5147_Bgsng7106_gut",-0.722571391485248,-0.795480978793241,-0.649661804177254,"M5147_Bgsng7106_gut"
"M5147_Bgsng7114_gut",-0.722336457603145,-0.795207969734815,-0.649464945471475,"M5147_Bgsng7114_gut"
"M5147_Bgsng7115_gut",-0.722308105350971,-0.795172993069101,-0.649443217632841,"M5147_Bgsng7115_gut"
"M5147_Bgsng7128_gut",-0.722290742066622,-0.795159021760691,-0.649422462372553,"M5147_Bgsng7128_gut"
"M5147_Bgsng7131_gut",-0.722377368864406,-0.795258827888347,-0.649495909840464,"M5147_Bgsng7131_gut"
"M5147_Bgsng7142_gut",-0.722401526494049,-0.795284606456195,-0.649518446531903,"M5147_Bgsng7142_gut"
"M5147_Bgsng7149_gut",-0.722651872799406,-0.795580194390891,-0.649723551207921,"M5147_Bgsng7149_gut"
"M5147_Bgsng7150_gut",-0.722627881644003,-0.795551726590503,-0.649704036697502,"M5147_Bgsng7150_gut"
"M5147_Bgsng7155_gut",-0.722614719097803,-0.795534135844418,-0.649695302351187,"M5147_Bgsng7155_gut"
"M5147_Bgsng7173_gut",-0.722888200697958,-0.795865174576496,-0.64991122681942,"M5147_Bgsng7173_gut"
"M5147_Bgsng7177_gut",-0.722673549533566,-0.795605209688601,-0.649741889378532,"M5147_Bgsng7177_gut"
"M5147_Bgsng7178_gut",-0.722718911633421,-0.79566347765692,-0.649774345609923,"M5147_Bgsng7178_gut"
"M5147_Bgsng7192_gut",-0.722580668077014,-0.795494062248774,-0.649667273905255,"M5147_Bgsng7192_gut"
"M5147_Bgsng7202_gut",-0.722631052749595,-0.795557092366929,-0.64970501313226,"M5147_Bgsng7202_gut"
"M5147_Bgsng7204_gut",-0.722531962736883,-0.795440391290845,-0.64962353418292,"M5147_Bgsng7204_gut"
"M5147_Bgsng8064_gut",-0.72239000537309,-0.795267716075359,-0.649512294670821,"M5147_Bgsng8064_gut"
"M5147_Bgsng8169_gut",-0.722484831648145,-0.795383548299168,-0.649586114997123,"M5147_Bgsng8169_gut"
"M5176_X7001_gut",-0.722000607259553,-0.794823358305216,-0.64917785621389,"M5176_X7001_gut"
"M5176_X7019_gut",-0.72129156015182,-0.793919815197187,-0.648663305106453,"M5176_X7019_gut"
"M5176_X7032_gut",-0.722028592792264,-0.794820567661271,-0.649236617923256,"M5176_X7032_gut"
"M5176_X7051_gut",-0.722039550364672,-0.794936977098218,-0.649142123631127,"M5176_X7051_gut"
"M5176_X7067_gut",-0.721675922437576,-0.79441818231844,-0.648933662556712,"M5176_X7067_gut"
"M5176_X7075_gut",-0.722523338084739,-0.795585534251754,-0.649461141917725,"M5176_X7075_gut"
"M5176_X7080_gut",-0.722740841422252,-0.795860829711203,-0.649620853133301,"M5176_X7080_gut"
"M5176_X7081_gut",-0.722327039145504,-0.795246546804406,-0.649407531486601,"M5176_X7081_gut"
"M5176_X7084_gut",-0.722254910357488,-0.795214702294698,-0.649295118420277,"M5176_X7084_gut"
"M5176_X7122_gut",-0.722277662292352,-0.79517276195382,-0.649382562630884,"M5176_X7122_gut"
"M5176_X7142_gut",-0.722551347410233,-0.795647572639847,-0.649455122180618,"M5176_X7142_gut"
"M5196_SP03_vaginal",-0.722277573904014,-0.795129210740349,-0.64942593706768,"M5196_SP03_vaginal"
"M5196_SP06_vaginal",-0.722563648363822,-0.795502543524493,-0.649624753203151,"M5196_SP06_vaginal"
"M5196_SP08_vaginal",-0.721992005199448,-0.794786691663358,-0.649197318735538,"M5196_SP08_vaginal"
"M5196_SP09_vaginal",-0.722617508999151,-0.795552341997047,-0.649682676001255,"M5196_SP09_vaginal"
"M5196_ST01_vaginal",-0.722849479436838,-0.795861922543627,-0.64983703633005,"M5196_ST01_vaginal"
"M5196_ST03_vaginal",-0.72228790996064,-0.795146911260994,-0.649428908660285,"M5196_ST03_vaginal"
"M5196_ST19_vaginal",-0.722454844374784,-0.795346969408662,-0.649562719340906,"M5196_ST19_vaginal"
"M5196_ST28_vaginal",-0.722756545984567,-0.795732964069934,-0.649780127899199,"M5196_ST28_vaginal"
"M5196_UP15_vaginal",-0.72236439726124,-0.795236996276157,-0.649491798246324,"M5196_UP15_vaginal"
"M5196_UP17_vaginal",-0.722822642878964,-0.795814606928479,-0.649830678829449,"M5196_UP17_vaginal"
"M5196_UP19_vaginal",-0.722628861955564,-0.795567710596143,-0.649690013314985,"M5196_UP19_vaginal"
"M5196_UP26_vaginal",-0.72236519045576,-0.795236822914575,-0.649493557996945,"M5196_UP26_vaginal"
"M5196_UP27_vaginal",-0.721875996103513,-0.794651380477495,-0.649100611729532,"M5196_UP27_vaginal"
"M5196_UP33_vaginal",-0.722254643112403,-0.795103216453146,-0.649406069771661,"M5196_UP33_vaginal"
"M5196_UP38_vaginal",-0.722725004268786,-0.795690560209589,-0.649759448327984,"M5196_UP38_vaginal"
"M5196_UP39_vaginal",-0.722464142506482,-0.795357940739121,-0.649570344273843,"M5196_UP39_vaginal"
"M5196_UP40_vaginal",-0.722567869084852,-0.79549220311289,-0.649643535056813,"M5196_UP40_vaginal"
"M5196_UP41_vaginal",-0.722458532698192,-0.795359935034278,-0.649557130362107,"M5196_UP41_vaginal"
"M5196_UT01_vaginal",-0.722626907545652,-0.795580418091703,-0.649673396999601,"M5196_UT01_vaginal"
"M5196_UT03_vaginal",-0.722242598067782,-0.795088819200756,-0.649396376934807,"M5196_UT03_vaginal"
"M5196_UT05_vaginal",-0.722257766725346,-0.795106033316074,-0.649409500134619,"M5196_UT05_vaginal"
"M5196_UT06_vaginal",-0.722322697933346,-0.79518863290158,-0.649456762965112,"M5196_UT06_vaginal"
"M5196_UT07_vaginal",-0.722592389599068,-0.795520881198555,-0.649663897999582,"M5196_UT07_vaginal"
"M5196_UT08_vaginal",-0.722461682416091,-0.795369909275914,-0.649553455556268,"M5196_UT08_vaginal"
"M5196_UT09_vaginal",-0.722179865705316,-0.795014958141615,-0.649344773269017,"M5196_UT09_vaginal"
"M5196_UT10_vaginal",-0.721882812405991,-0.794651603949318,-0.649114020862665,"M5196_UT10_vaginal"
"M5196_UT11_vaginal",-0.722356330080781,-0.795228454306377,-0.649484205855186,"M5196_UT11_vaginal"
"M5196_UT12_vaginal",-0.722540620629268,-0.795455753572003,-0.649625487686533,"M5196_UT12_vaginal"
"M5196_UT13_vaginal",-0.722300525448762,-0.795162306460421,-0.649438744437104,"M5196_UT13_vaginal"
"M5196_UT14_vaginal",-0.722639949621558,-0.795589945192364,-0.649689954050752,"M5196_UT14_vaginal"
"M5196_UT15_vaginal",-0.722418843534053,-0.795306242286037,-0.649531444782069,"M5196_UT15_vaginal"
"M5196_UT20_vaginal",-0.722149626605989,-0.794977971104616,-0.649321282107361,"M5196_UT20_vaginal"
"M5196_UT23_vaginal",-0.722333587121967,-0.795211830714765,-0.64945534352917,"M5196_UT23_vaginal"
"M5196_UT24_vaginal",-0.722177379492106,-0.795011720976984,-0.649343038007227,"M5196_UT24_vaginal"
"M5196_UT26_vaginal",-0.722519748094844,-0.795428994358469,-0.649610501831219,"M5196_UT26_vaginal"
"M5196_UT27_vaginal",-0.721863346988464,-0.794632724772896,-0.649093969204031,"M5196_UT27_vaginal"
"M5196_UT29_vaginal",-0.722106638139195,-0.794920971187165,-0.649292305091225,"M5196_UT29_vaginal"
"M5196_UT32_vaginal",-0.72237172746598,-0.795240919285392,-0.649502535646569,"M5196_UT32_vaginal"
"M5196_UT34_vaginal",-0.722683555696748,-0.795640777803427,-0.649726333590069,"M5196_UT34_vaginal"
"M5196_UT35_vaginal",-0.722428465779022,-0.795321192485919,-0.649535739072125,"M5196_UT35_vaginal"
"M5196_UT39_vaginal",-0.723166049070703,-0.796255118570758,-0.650076979570647,"M5196_UT39_vaginal"
"M5196_UT40_vaginal",-0.722070049656645,-0.794881938832311,-0.649258160480979,"M5196_UT40_vaginal"
"M5196_UT42_vaginal",-0.722641693280008,-0.795589721250534,-0.649693665309482,"M5196_UT42_vaginal"
"M5196_UT45_vaginal",-0.722495981079832,-0.795405599916953,-0.649586362242712,"M5196_UT45_vaginal"
"M5196_UT47_vaginal",-0.722278632031103,-0.795129236826931,-0.649428027235276,"M5196_UT47_vaginal"
"M5196_UT50_vaginal",-0.722343791925498,-0.79522510259242,-0.649462481258577,"M5196_UT50_vaginal"
"M5196_UT51_vaginal",-0.72233911890633,-0.795206484478783,-0.649471753333878,"M5196_UT51_vaginal"
"M5196_UT52_vaginal",-0.722791886064911,-0.79578669884547,-0.649797073284352,"M5196_UT52_vaginal"
"M5196_UT53_vaginal",-0.721729192549489,-0.794471193078499,-0.648987192020478,"M5196_UT53_vaginal"
"M5196_UT54_vaginal",-0.722336612265057,-0.795198487403879,-0.649474737126235,"M5196_UT54_vaginal"
"M5261_X117_lung",-0.722107334734617,-0.794836659635504,-0.649378009833731,"M5261_X117_lung"
"M5261_X118_lung",-0.722633230197953,-0.795676489401115,-0.649589970994791,"M5261_X118_lung"
"M5261_X119_lung",-0.722100133210938,-0.794813918474133,-0.649386347947744,"M5261_X119_lung"
"M5261_X124_lung",-0.722261228843741,-0.795078851429822,-0.649443606257661,"M5261_X124_lung"
"M5261_X136_lung",-0.722242021848514,-0.795043454945074,-0.649440588751954,"M5261_X136_lung"
"M5261_X139_lung",-0.721719159513246,-0.79425101370629,-0.649187305320202,"M5261_X139_lung"
"M5261_X141_lung",-0.722376051985574,-0.7952486160997,-0.649503487871448,"M5261_X141_lung"
"M5261_X142_lung",-0.722137727841735,-0.794883040930893,-0.649392414752576,"M5261_X142_lung"
"M5261_X147_lung",-0.722540698250803,-0.795516856797194,-0.649564539704412,"M5261_X147_lung"
"M5261_X159_lung",-0.72257827869551,-0.795572186521228,-0.649584370869793,"M5261_X159_lung"
"M5261_X160_lung",-0.722653332859308,-0.795698993378669,-0.649607672339947,"M5261_X160_lung"
"M5261_X179_lung",-0.722569689658267,-0.795568584900246,-0.649570794416288,"M5261_X179_lung"
"M5261_X182_lung",-0.722449151244474,-0.795373538321731,-0.649524764167218,"M5261_X182_lung"
"M5261_X195_lung",-0.722194561421989,-0.79498293890765,-0.649406183936328,"M5261_X195_lung"
"M5261_X209_lung",-0.7227176141042,-0.795811021521577,-0.649624206686824,"M5261_X209_lung"
"M5261_X222_lung",-0.722069623807022,-0.79477292338456,-0.649366324229484,"M5261_X222_lung"
"M5261_X229_lung",-0.722397513532816,-0.795294632351765,-0.649500394713867,"M5261_X229_lung"
"M5261_X244_lung",-0.722792833785005,-0.795938667443544,-0.649647000126467,"M5261_X244_lung"
"M5261_X336_lung",-0.722532271321892,-0.795505651357065,-0.64955889128672,"M5261_X336_lung"
"M5261_X50_lung",-0.722007876125731,-0.7946919525876,-0.649323799663862,"M5261_X50_lung"
"M5261_X52_lung",NA,NA,NA,"M5261_X52_lung"
"M5261_X53_lung",-0.722483557244169,-0.795440359588005,-0.649526754900333,"M5261_X53_lung"
"M5261_X75_lung",-0.722317764662042,-0.795180826867262,-0.649454702456823,"M5261_X75_lung"
"M5261_X87_lung",-0.722470641722759,-0.795399032428694,-0.649542251016824,"M5261_X87_lung"
"M5261_X94_lung",-0.722614157388916,-0.79564544373771,-0.649582871040122,"M5261_X94_lung"
"M5378_E000823_gut",-0.721993703724625,-0.795019044780273,-0.648968362668977,"M5378_E000823_gut"
"M5378_E001463_gut",-0.722439728300561,-0.795311040905693,-0.649568415695428,"M5378_E001463_gut"
"M5378_E001958_gut",-0.722615836291905,-0.795432443637381,-0.64979922894643,"M5378_E001958_gut"
"M5378_E003188_gut",-0.722562120692728,-0.7953951415273,-0.649729099858155,"M5378_E003188_gut"
"M5378_E003872_gut",-0.722302862583919,-0.79521960893212,-0.649386116235719,"M5378_E003872_gut"
"M5378_E003953_gut",-0.722222793070652,-0.795169073027628,-0.649276513113677,"M5378_E003953_gut"
"M5378_E004016_gut",-0.722047046803882,-0.795053201346801,-0.649040892260962,"M5378_E004016_gut"
"M5378_E004709_gut",-0.722397438763881,-0.79528261304013,-0.649512264487631,"M5378_E004709_gut"
"M5378_E005786_gut",-0.722291827754116,-0.795213335576568,-0.649370319931663,"M5378_E005786_gut"
"M5378_E006091_gut",-0.722747157644054,-0.795519174618271,-0.649975140669836,"M5378_E006091_gut"
"M5378_E006493_gut",-0.722423737176603,-0.795299988399232,-0.649547485953975,"M5378_E006493_gut"
"M5378_E006547_gut",-0.722524768572542,-0.795370037496637,-0.649679499648448,"M5378_E006547_gut"
"M5378_E006574_gut",-0.722683902552213,-0.795476421125288,-0.649891383979138,"M5378_E006574_gut"
"M5378_E006781_gut",-0.722428807137131,-0.795305467893843,-0.649552146380419,"M5378_E006781_gut"
"M5378_E007944_gut",-0.722182424788737,-0.79514178141116,-0.649223068166313,"M5378_E007944_gut"
"M5378_E010481_gut",-0.722835618293839,-0.795582271683214,-0.650088964904465,"M5378_E010481_gut"
"M5378_E010581_gut",-0.722569075636674,-0.795398666437743,-0.649739484835605,"M5378_E010581_gut"
"M5378_E010590_gut",-0.722412727626354,-0.795293332898044,-0.649532122354663,"M5378_E010590_gut"
"M5378_E010629_gut",-0.722037216812452,-0.795045516537911,-0.649028917086994,"M5378_E010629_gut"
"M5378_E010682_gut",-0.722370253194165,-0.795265082742943,-0.649475423645387,"M5378_E010682_gut"
"M5378_E010937_gut",-0.722247537361726,-0.795182275457111,-0.649312799266342,"M5378_E010937_gut"
"M5378_E011279_gut",-0.721459427508472,-0.794683281571981,-0.648235573444963,"M5378_E011279_gut"
"M5378_E011878_gut",-0.722918811646142,-0.795635433056516,-0.650202190235768,"M5378_E011878_gut"
"M5378_E012854_gut",-0.722806111265924,-0.795557043411487,-0.650055179120361,"M5378_E012854_gut"
"M5378_E013094_gut",-0.722386651924169,-0.79527453791522,-0.649498765933117,"M5378_E013094_gut"
"M5378_E013505_gut",-0.722378619261736,-0.795270613775897,-0.649486624747574,"M5378_E013505_gut"
"M5378_E014086_gut",-0.722362658983977,-0.795257224337944,-0.649468093630011,"M5378_E014086_gut"
"M5378_E014403_gut",-0.722237487072389,-0.795181700814429,-0.649293273330349,"M5378_E014403_gut"
"M5378_E016063_gut",-0.722605568669221,-0.795422342095609,-0.649788795242833,"M5378_E016063_gut"
"M5378_E016273_gut",-0.722606187298819,-0.795422235002237,-0.649790139595402,"M5378_E016273_gut"
"M5378_E016426_gut",-0.722587736382329,-0.795410312373364,-0.649765160391294,"M5378_E016426_gut"
"M5378_E016924_gut",-0.722585553495953,-0.79540903400015,-0.649762072991756,"M5378_E016924_gut"
"M5378_E017497_gut",-0.722446789912812,-0.795315421052478,-0.649578158773145,"M5378_E017497_gut"
"M5378_E017751_gut",-0.722616633370499,-0.795431227105208,-0.649802039635789,"M5378_E017751_gut"
"M5378_E017833_gut",-0.722425059249232,-0.795300839773144,-0.649549278725319,"M5378_E017833_gut"
"M5378_E018113_gut",-0.721999485278235,-0.795023119223871,-0.648975851332598,"M5378_E018113_gut"
"M5378_E018268_gut",-0.72250237750732,-0.795354753856135,-0.649650001158504,"M5378_E018268_gut"
"M5378_E018286_gut",-0.722497968568005,-0.795349860398641,-0.649646076737369,"M5378_E018286_gut"
"M5378_E019092_gut",-0.722440196774739,-0.795309576720887,-0.649570816828591,"M5378_E019092_gut"
"M5378_E019763_gut",-0.722460948119384,-0.795325414804057,-0.649596481434712,"M5378_E019763_gut"
"M5378_E020570_gut",-0.722516331811303,-0.795360145503804,-0.649672518118801,"M5378_E020570_gut"
"M5378_E020924_gut",-0.722349059418374,-0.795251029023558,-0.649447089813191,"M5378_E020924_gut"
"M5378_E021032_gut",-0.722580130126015,-0.795404603962463,-0.649755656289567,"M5378_E021032_gut"
"M5378_E021235_gut",-0.722217144113587,-0.795163359168867,-0.649270929058307,"M5378_E021235_gut"
"M5378_E021406_gut",-0.722413126302003,-0.79529724330019,-0.649529009303817,"M5378_E021406_gut"
"M5378_E021822_gut",-0.722373186709097,-0.795267471387957,-0.649478902030237,"M5378_E021822_gut"
"M5378_E021940_gut",-0.722423060933105,-0.795298520883286,-0.649547600982924,"M5378_E021940_gut"
"M5378_E022137_gut",-0.722438770544832,-0.79531209779116,-0.649565443298505,"M5378_E022137_gut"
"M5378_E022497_gut",-0.722568086599513,-0.795398661417581,-0.649737511781444,"M5378_E022497_gut"
"M5378_E022852_gut",-0.722236218953348,-0.795174426019997,-0.649298011886699,"M5378_E022852_gut"
"M5378_E023445_gut",-0.72233434229765,-0.79524394501155,-0.64942473958375,"M5378_E023445_gut"
"M5378_E024907_gut",-0.722483843646773,-0.795341527653619,-0.649626159639927,"M5378_E024907_gut"
"M5378_E026325_gut",-0.72241976464043,-0.795297543428877,-0.649541985851984,"M5378_E026325_gut"
"M5378_E028794_gut",-0.722595332476758,-0.795416671787079,-0.649773993166438,"M5378_E028794_gut"
"M5378_E035134_gut",-0.72261973389537,-0.795429436737541,-0.6498100310532,"M5378_E035134_gut"
"M5378_T025418_gut",-0.722356951180778,-0.795256480936825,-0.64945742142473,"M5378_T025418_gut"
"M5791_p8600_gut",-0.722707908693051,-0.796094230437773,-0.649321586948329,"M5791_p8600_gut"
"M5791_p8646_gut",-0.721639785605734,-0.795122815659537,-0.648156755551931,"M5791_p8646_gut"
"M5791_p8775_gut",-0.724417890533163,-0.797410266310539,-0.651425514755788,"M5791_p8775_gut"
"M5816_alien_gut",-0.720446290122756,-0.794401583749079,-0.646490996496432,"M5816_alien_gut"
"M5860_X107.02_gut",-0.723173703704921,-0.79649838789215,-0.649849019517693,"M5860_X107.02_gut"
"M5860_X180.01_gut",-0.7212344694966,-0.794258027241278,-0.648210911751922,"M5860_X180.01_gut"
"M5860_X234.01_gut",-0.723295942929435,-0.797032578526781,-0.649559307332089,"M5860_X234.01_gut"
"M5860_X286.02_gut",-0.720712809595689,-0.793886789251061,-0.647538829940317,"M5860_X286.02_gut"
"M6120_C3011_gut",-0.722921682572902,-0.795783204626685,-0.650060160519119,"M6120_C3011_gut"
"M6120_C3013_gut",-0.722279405880089,-0.795239909621311,-0.649318902138868,"M6120_C3013_gut"
"M6120_C3022_gut",-0.722971812880132,-0.795842158982228,-0.650101466778036,"M6120_C3022_gut"
"M6120_C3027_gut",-0.721942309244683,-0.79491992322668,-0.648964695262685,"M6120_C3027_gut"
"M6120_C3028_gut",-0.72241419814757,-0.795318865528732,-0.649509530766408,"M6120_C3028_gut"
"M6120_C3031_gut",-0.722101485983723,-0.795059067320037,-0.64914390464741,"M6120_C3031_gut"
"M6120_H4007_gut",-0.722223080933667,-0.795165654694691,-0.649280507172644,"M6120_H4007_gut"
"M6120_H4010_gut",-0.721673600453802,-0.794711358165777,-0.648635842741828,"M6120_H4010_gut"
"M6120_H4016_gut",-0.722949314893462,-0.795803455203246,-0.650095174583679,"M6120_H4016_gut"
"M6120_H4044_gut",-0.722037076576146,-0.794997374364547,-0.649076778787746,"M6120_H4044_gut"
"M6120_M2026_gut",-0.722866547872422,-0.795823753956387,-0.649909341788456,"M6120_M2026_gut"
"M6120_M2028_gut",-0.722866694360333,-0.795728338594925,-0.650005050125741,"M6120_M2028_gut"
"M6120_M2034_gut",-0.722551167046965,-0.795487545970744,-0.649614788123187,"M6120_M2034_gut"
"M6120_M2041_gut",-0.722349015729654,-0.795265894099904,-0.649432137359404,"M6120_M2041_gut"
"M6120_M2042_gut",-0.72274690467562,-0.795624558235687,-0.649869251115552,"M6120_M2042_gut"
"M6120_M2047_gut",-0.722365758993286,-0.79529164078121,-0.649439877205363,"M6120_M2047_gut"
"M6120_M2064_gut",-0.721894430078797,-0.794873096374902,-0.648915763782692,"M6120_M2064_gut"
"M6120_M2068_gut",-0.722112719059694,-0.795054151596281,-0.649171286523107,"M6120_M2068_gut"
"M6120_M2072_gut",-0.722199663279056,-0.79514122235692,-0.649258104201191,"M6120_M2072_gut"
"M6120_M2077_gut",-0.722798932184828,-0.795673394783488,-0.649924469586168,"M6120_M2077_gut"
"M6120_M2083_gut",-0.723401412099499,-0.796254992873414,-0.650547831325583,"M6120_M2083_gut"
"M6120_P6010_gut",-0.722403875496062,-0.795344697237699,-0.649463053754425,"M6120_P6010_gut"
"M6120_P6012_gut",-0.721432677919164,-0.794488011101747,-0.648377344736582,"M6120_P6012_gut"
"M6263_MH002_oropharyngeal",-0.723423190992372,-0.796852765230068,-0.649993616754676,"M6263_MH002_oropharyngeal"
"M6263_MH003_oropharyngeal",-0.722589628505556,-0.795638615267333,-0.64954064174378,"M6263_MH003_oropharyngeal"
"M6263_MH008_oropharyngeal",-0.722210741429619,-0.795125808443268,-0.64929567441597,"M6263_MH008_oropharyngeal"
"M6263_MH014_oropharyngeal",-0.721441625747197,-0.794035115170642,-0.648848136323752,"M6263_MH014_oropharyngeal"
"M6263_MH024_oropharyngeal",-0.722498768738136,-0.795497238354338,-0.649500299121935,"M6263_MH024_oropharyngeal"
"M6263_MH026_oropharyngeal",-0.721837495500986,-0.794541677581031,-0.649133313420941,"M6263_MH026_oropharyngeal"
"M6263_MH032_oropharyngeal",-0.722995093300168,-0.796239352261244,-0.649750834339092,"M6263_MH032_oropharyngeal"
"M6263_MH036_oropharyngeal",-0.722323825859965,-0.79524685004117,-0.649400801678759,"M6263_MH036_oropharyngeal"
"M6263_MH037_oropharyngeal",-0.72245801560159,-0.795423971188306,-0.649492060014874,"M6263_MH037_oropharyngeal"
"M6263_MH040_oropharyngeal",-0.722933348407125,-0.79614242559174,-0.64972427122251,"M6263_MH040_oropharyngeal"
"M6263_MH043_oropharyngeal",-0.722216106089184,-0.795077557074802,-0.649354655103566,"M6263_MH043_oropharyngeal"
"M6263_MH047_oropharyngeal",-0.721997989751534,-0.794825364486302,-0.649170615016767,"M6263_MH047_oropharyngeal"
"M6263_MH049_oropharyngeal",-0.721187192039309,-0.79370100104448,-0.648673383034137,"M6263_MH049_oropharyngeal"
"M6263_RF013_oropharyngeal",-0.722730218104716,-0.79583144440865,-0.649628991800783,"M6263_RF013_oropharyngeal"
"M6263_RF014_oropharyngeal",-0.721983666060535,-0.794768646622744,-0.649198685498325,"M6263_RF014_oropharyngeal"
"M6263_RF034_oropharyngeal",-0.721496116360821,-0.79408237222564,-0.648909860496002,"M6263_RF034_oropharyngeal"
"M6273_bat_lung",-0.722180342595224,-0.795188466546436,-0.649172218644012,"M6273_bat_lung"
"M6273_dragon_lung",-0.722606259945554,-0.795726713499534,-0.649485806391574,"M6273_dragon_lung"
"M6273_fox_lung",-0.721887148491768,-0.794927854631021,-0.648846442352515,"M6273_fox_lung"
"M6273_nonCF1_lung",-0.723243201739397,-0.796706589065497,-0.649779814413298,"M6273_nonCF1_lung"
"M6273_reindeer_lung",-0.721985169270119,-0.795069449846041,-0.648900888694198,"M6273_reindeer_lung"
"M6273_sculpin_lung",-0.723397091864745,-0.796409834348376,-0.650384349381115,"M6273_sculpin_lung"
"M6469_E_lung",NA,NA,NA,"M6469_E_lung"
"M6530_X2_lung",-0.722456914180382,-0.795581128934302,-0.649332699426462,"M6530_X2_lung"
"M6530_X3_lung",-0.720853346223005,-0.794107655300973,-0.647599037145037,"M6530_X3_lung"
"M6530_X4_lung",-0.721827633882057,-0.795084273042023,-0.64857099472209,"M6530_X4_lung"
"M6530_X5_lung",-0.723495691585975,-0.796789261930305,-0.650202121241646,"M6530_X5_lung"
"M6638_X1101.1.1.BSIF_nasopharyngeal",-0.72232670280757,-0.79519185914027,-0.64946154647487,"M6638_X1101.1.1.BSIF_nasopharyngeal"
"M6638_X1133.1.1.ZMIF_nasopharyngeal",-0.722964783179447,-0.795957890987335,-0.649971675371559,"M6638_X1133.1.1.ZMIF_nasopharyngeal"
"M6638_X1144.1.1.ZBIF_nasopharyngeal",-0.722294718854262,-0.795153653393356,-0.649435784315169,"M6638_X1144.1.1.ZBIF_nasopharyngeal"
"M6638_X1147.1.1.SFIF_nasopharyngeal",-0.722429991185639,-0.795312072534416,-0.649547909836861,"M6638_X1147.1.1.SFIF_nasopharyngeal"
"M6638_X1173.1.1.SFIF_nasopharyngeal",-0.722435866328592,-0.795316975768733,-0.649554756888452,"M6638_X1173.1.1.SFIF_nasopharyngeal"
"M6638_X1193.1.1.AMIF_nasopharyngeal",-0.722424924484745,-0.795308896395512,-0.649540952573978,"M6638_X1193.1.1.AMIF_nasopharyngeal"
"M6638_X1194.1.1.LSIF_nasopharyngeal",-0.722472671687359,-0.795362885200595,-0.649582458174123,"M6638_X1194.1.1.LSIF_nasopharyngeal"
"M6638_X1231.1.1.NMIF_nasopharyngeal",-0.722515267261022,-0.795416796676719,-0.649613737845325,"M6638_X1231.1.1.NMIF_nasopharyngeal"
"M6638_X1268.1.1.SMIF_nasopharyngeal",-0.72241757754887,-0.795295306260331,-0.649539848837409,"M6638_X1268.1.1.SMIF_nasopharyngeal"
"M6638_X1295.1.1.NMIF_nasopharyngeal",-0.722468506148389,-0.795356328519372,-0.649580683777406,"M6638_X1295.1.1.NMIF_nasopharyngeal"
"M6638_X1300.1.1.XMIF_nasopharyngeal",-0.722146648411534,-0.794981106561241,-0.649312190261827,"M6638_X1300.1.1.XMIF_nasopharyngeal"
"M6638_X1304.1.1.NWIF_nasopharyngeal",-0.722146616353968,-0.794978488908622,-0.649314743799315,"M6638_X1304.1.1.NWIF_nasopharyngeal"
"M6638_X1309.1.1.TMIF_nasopharyngeal",-0.722674656347222,-0.795604911595567,-0.649744401098877,"M6638_X1309.1.1.TMIF_nasopharyngeal"
"M6638_X1316.1.1.NNIF_nasopharyngeal",-0.722433572868597,-0.795319674008308,-0.649547471728886,"M6638_X1316.1.1.NNIF_nasopharyngeal"
"M6638_X1317.1.1.NMIF_nasopharyngeal",-0.722574631672892,-0.795483655980563,-0.64966560736522,"M6638_X1317.1.1.NMIF_nasopharyngeal"
"M6638_X1319.1.1.LSIF_nasopharyngeal",-0.722376957579115,-0.795249286121169,-0.649504629037062,"M6638_X1319.1.1.LSIF_nasopharyngeal"
"M6638_X1325.1.1.ANIF_nasopharyngeal",-0.722419313487608,-0.795302071581045,-0.649536555394171,"M6638_X1325.1.1.ANIF_nasopharyngeal"
"M6638_X1333.1.1.ZSIF_nasopharyngeal",-0.722606150624899,-0.795525075505787,-0.649687225744011,"M6638_X1333.1.1.ZSIF_nasopharyngeal"
"M6638_X1343.1.1.XSIF_nasopharyngeal",-0.722427175459804,-0.795308197299412,-0.649546153620196,"M6638_X1343.1.1.XSIF_nasopharyngeal"
"M6638_X1361.1.1.NMIF_nasopharyngeal",-0.722483756218311,-0.795376586503991,-0.649590925932631,"M6638_X1361.1.1.NMIF_nasopharyngeal"
"M6638_X1364.1.1.CBIF_nasopharyngeal",-0.722317565768704,-0.795180130834306,-0.649455000703101,"M6638_X1364.1.1.CBIF_nasopharyngeal"
"M6638_X1366.1.1.NTIF_nasopharyngeal",-0.722369577891419,-0.79523931474077,-0.649499841042068,"M6638_X1366.1.1.NTIF_nasopharyngeal"
"M6638_X1395.1.1.NNIF_nasopharyngeal",-0.722403654817127,-0.795279000104063,-0.649528309530191,"M6638_X1395.1.1.NNIF_nasopharyngeal"
"M6638_X1398.1.1.BMIF_nasopharyngeal",-0.722167169024053,-0.795004380001194,-0.649329958046912,"M6638_X1398.1.1.BMIF_nasopharyngeal"
"M6638_X1426.1.1.PTIF_nasopharyngeal",-0.72235016761193,-0.795218148669172,-0.649482186554689,"M6638_X1426.1.1.PTIF_nasopharyngeal"
"M6638_X1436.1.1.OMIF_nasopharyngeal",-0.722441234049532,-0.795326258210755,-0.649556209888308,"M6638_X1436.1.1.OMIF_nasopharyngeal"
"M6638_X1445.1.1.AJIF_nasopharyngeal",-0.722509382469845,-0.795404759080914,-0.649614005858776,"M6638_X1445.1.1.AJIF_nasopharyngeal"
"M6638_X1454.1.1.TNIF_nasopharyngeal",-0.722318996471525,-0.795180822597844,-0.649457170345206,"M6638_X1454.1.1.TNIF_nasopharyngeal"
"M6638_X1463.1.1.PTIF_nasopharyngeal",-0.722673465251775,-0.795603864639145,-0.649743065864405,"M6638_X1463.1.1.PTIF_nasopharyngeal"
"M6638_X1470.1.1.KMIF_nasopharyngeal",-0.722264722270791,-0.795114729864787,-0.649414714676795,"M6638_X1470.1.1.KMIF_nasopharyngeal"
"M6638_X1476.1.1.NMIF_nasopharyngeal",-0.722633646231208,-0.795554202242422,-0.649713090219994,"M6638_X1476.1.1.NMIF_nasopharyngeal"
"M6638_X1483.1.1.AMIF_nasopharyngeal",-0.722188440383165,-0.795029504133317,-0.649347376633013,"M6638_X1483.1.1.AMIF_nasopharyngeal"
"M6638_X1511.1.1.BQIF_nasopharyngeal",-0.722287739101628,-0.795144549486264,-0.649430928716992,"M6638_X1511.1.1.BQIF_nasopharyngeal"
"M6638_X1513.1.1.MNIF_nasopharyngeal",-0.722464142814702,-0.795352315463933,-0.649575970165472,"M6638_X1513.1.1.MNIF_nasopharyngeal"
"M6638_X1585.1.1.NVIF_nasopharyngeal",-0.722207305127021,-0.795052948941705,-0.649361661312338,"M6638_X1585.1.1.NVIF_nasopharyngeal"
"M6638_X1592.1.1.VNIF_nasopharyngeal",-0.722329105830255,-0.795190928263848,-0.649467283396662,"M6638_X1592.1.1.VNIF_nasopharyngeal"
"M6638_X1597.1.1.UMIF_nasopharyngeal",-0.722296924542238,-0.795154771957922,-0.649439077126554,"M6638_X1597.1.1.UMIF_nasopharyngeal"
"M6638_X1614.1.1.KZIF_nasopharyngeal",-0.722185997474775,-0.795027402638955,-0.649344592310594,"M6638_X1614.1.1.KZIF_nasopharyngeal"
"M6638_X1615.1.1.ESIF_nasopharyngeal",-0.722377679161729,-0.795249611404603,-0.649505746918854,"M6638_X1615.1.1.ESIF_nasopharyngeal"
"M6638_X1633.1.1.KBIF_nasopharyngeal",-0.722244571682422,-0.795094050977928,-0.649395092386916,"M6638_X1633.1.1.KBIF_nasopharyngeal"
"M6638_X1720.1.1.ZSIF_nasopharyngeal",-0.722514286362242,-0.795412464924609,-0.649616107799876,"M6638_X1720.1.1.ZSIF_nasopharyngeal"
"M6638_X1738.1.1.PMIF_nasopharyngeal",-0.722541584692544,-0.795446932790987,-0.649636236594102,"M6638_X1738.1.1.PMIF_nasopharyngeal"
"M6638_X1739.1.1.MKIF_nasopharyngeal",-0.722415955025438,-0.795296115343235,-0.649535794707641,"M6638_X1739.1.1.MKIF_nasopharyngeal"
"M6638_X1746.1.1.PKIF_nasopharyngeal",-0.722443170133162,-0.795328886843735,-0.649557453422589,"M6638_X1746.1.1.PKIF_nasopharyngeal"
"M6638_X1774.1.1.NRIF_nasopharyngeal",-0.722514377309506,-0.79541516535379,-0.649613589265222,"M6638_X1774.1.1.NRIF_nasopharyngeal"
"M6638_X1777.1.1.ZTIF_nasopharyngeal",-0.722412170335978,-0.795297066860671,-0.649527273811286,"M6638_X1777.1.1.ZTIF_nasopharyngeal"
"M6638_X1791.1.1.NGIF_nasopharyngeal",-0.722301606732792,-0.795160546331349,-0.649442667134236,"M6638_X1791.1.1.NGIF_nasopharyngeal"
"M6638_X1811.1.1.BMIF_nasopharyngeal",-0.722482578576537,-0.795378152856236,-0.649587004296838,"M6638_X1811.1.1.BMIF_nasopharyngeal"
"M6638_X1813.1.1.NMIF_nasopharyngeal",-0.722463847584488,-0.795353070145707,-0.649574625023268,"M6638_X1813.1.1.NMIF_nasopharyngeal"
"M6638_X1826.1.1.BMIF_nasopharyngeal",-0.722415382468622,-0.795297306485386,-0.649533458451859,"M6638_X1826.1.1.BMIF_nasopharyngeal"
"M6638_X1951.1.1.GTIF_nasopharyngeal",-0.72257872138162,-0.795496401585891,-0.64966104117735,"M6638_X1951.1.1.GTIF_nasopharyngeal"
"M6638_X1985.1.1.KJIF_nasopharyngeal",-0.722273975953673,-0.795128985052398,-0.649418966854948,"M6638_X1985.1.1.KJIF_nasopharyngeal"
"M6638_X1991.1.1.SNIF_nasopharyngeal",-0.722472609357677,-0.795362036178946,-0.649583182536407,"M6638_X1991.1.1.SNIF_nasopharyngeal"
"M6638_X3108.1.1.SAIF_nasopharyngeal",-0.722414189023074,-0.795294324192262,-0.649534053853886,"M6638_X3108.1.1.SAIF_nasopharyngeal"
"M6638_X3110.1.1.AWIF_nasopharyngeal",-0.722386492822656,-0.795258977915458,-0.649514007729853,"M6638_X3110.1.1.AWIF_nasopharyngeal"
"M6638_X3172.1.1.HKIF_nasopharyngeal",-0.722303100164078,-0.795161684662821,-0.649444515665335,"M6638_X3172.1.1.HKIF_nasopharyngeal"
"M6638_X3185.1.1.JDIF_nasopharyngeal",-0.722373418936457,-0.795245267247763,-0.649501570625151,"M6638_X3185.1.1.JDIF_nasopharyngeal"
"M6638_X3217.1.1.PAIF_nasopharyngeal",-0.722553604381022,-0.79546048125863,-0.649646727503415,"M6638_X3217.1.1.PAIF_nasopharyngeal"
"M6638_X3269.1.1.BMIF_nasopharyngeal",-0.722279350262081,-0.795134357786435,-0.649424342737727,"M6638_X3269.1.1.BMIF_nasopharyngeal"
"M6638_X3276.1.1.KJIF_nasopharyngeal",-0.722479295028465,-0.795369008067016,-0.649589581989914,"M6638_X3276.1.1.KJIF_nasopharyngeal"
"M6638_X3307.1.1.MKIF_nasopharyngeal",-0.72244794306012,-0.795331866124221,-0.649564019996018,"M6638_X3307.1.1.MKIF_nasopharyngeal"
"M6638_X3322.1.1.MFIF_nasopharyngeal",-0.722236139536538,-0.795086700696023,-0.649385578377053,"M6638_X3322.1.1.MFIF_nasopharyngeal"
"M6638_X3330.1.1.AVIF_nasopharyngeal",-0.722494826099214,-0.795393417061043,-0.649596235137386,"M6638_X3330.1.1.AVIF_nasopharyngeal"
"M6638_X3353.1.1.FJIF_nasopharyngeal",-0.72270405928222,-0.795639908380967,-0.649768210183473,"M6638_X3353.1.1.FJIF_nasopharyngeal"
"M6638_X3377.1.1.TCIF_nasopharyngeal",-0.7223074654416,-0.795166862787333,-0.649448068095868,"M6638_X3377.1.1.TCIF_nasopharyngeal"
"M6638_X3382.1.1.HNIF_nasopharyngeal",-0.722339362096564,-0.795205304076312,-0.649473420116816,"M6638_X3382.1.1.HNIF_nasopharyngeal"
"M6638_X3392.1.1.NDIF_nasopharyngeal",-0.722468485185765,-0.795356827413355,-0.649580142958175,"M6638_X3392.1.1.NDIF_nasopharyngeal"
"M6638_X3450.1.1.SGIF_nasopharyngeal",-0.722343718747171,-0.795210237119189,-0.649477200375153,"M6638_X3450.1.1.SGIF_nasopharyngeal"
"M6638_X3468.1.1.AJIF_nasopharyngeal",-0.722195687128644,-0.795035659876358,-0.64935571438093,"M6638_X3468.1.1.AJIF_nasopharyngeal"
"M6638_X3473.1.1.FPIF_nasopharyngeal",-0.722269372390009,-0.795124560007671,-0.649414184772347,"M6638_X3473.1.1.FPIF_nasopharyngeal"
"M6638_X3510.1.1.AMIF_nasopharyngeal",-0.722497648202705,-0.795392555584413,-0.649602740820996,"M6638_X3510.1.1.AMIF_nasopharyngeal"
"M6638_X3621.1.1.NHIF_nasopharyngeal",-0.722389635862584,-0.795260819760835,-0.649518451964333,"M6638_X3621.1.1.NHIF_nasopharyngeal"
"M6638_X3628.1.1.SJIF_nasopharyngeal",-0.722339642384599,-0.795203468482202,-0.649475816286997,"M6638_X3628.1.1.SJIF_nasopharyngeal"
"M6638_X3660.1.1.GDIF_nasopharyngeal",-0.722364471295692,-0.795237212639568,-0.649491729951816,"M6638_X3660.1.1.GDIF_nasopharyngeal"
"M6638_X3689.1.1.FDIF_nasopharyngeal",-0.722328362830413,-0.79519170067668,-0.649465024984147,"M6638_X3689.1.1.FDIF_nasopharyngeal"
"M6638_X3690.1.1.LTIF_nasopharyngeal",-0.722541920029732,-0.795446389440264,-0.649637450619199,"M6638_X3690.1.1.LTIF_nasopharyngeal"
"M6638_X3703.1.1.EKIF_nasopharyngeal",-0.722523995682654,-0.795424753174018,-0.649623238191291,"M6638_X3703.1.1.EKIF_nasopharyngeal"
"M6638_X3711.1.1.CAIF_nasopharyngeal",-0.722468726172505,-0.795360926297558,-0.649576526047453,"M6638_X3711.1.1.CAIF_nasopharyngeal"
"MT5147_Bgtw1.M_gut",-0.72231565755044,-0.795177515769208,-0.649453799331672,"MT5147_Bgtw1.M_gut"
"MT5147_Bgtw1.T1_gut",-0.722543263960412,-0.795477890666486,-0.649608637254339,"MT5147_Bgtw1.T1_gut"
"MT5147_Bgtw1.T2_gut",-0.722371918824748,-0.795250497558561,-0.649493340090935,"MT5147_Bgtw1.T2_gut"
"MT5147_Bgtw10.M_gut",-0.722322810688388,-0.795183780354876,-0.649461841021901,"MT5147_Bgtw10.M_gut"
"MT5147_Bgtw10.T1_gut",-0.72222664387641,-0.795067671333167,-0.649385616419654,"MT5147_Bgtw10.T1_gut"
"MT5147_Bgtw10.T2_gut",-0.722171323252897,-0.795011599294353,-0.649331047211441,"MT5147_Bgtw10.T2_gut"
"MT5147_Bgtw11.M_gut",-0.722360564359853,-0.795236521284106,-0.649484607435599,"MT5147_Bgtw11.M_gut"
"MT5147_Bgtw11.T1_gut",-0.722524201926899,-0.795448392940898,-0.6496000109129,"MT5147_Bgtw11.T1_gut"
"MT5147_Bgtw11.T2_gut",-0.722453569221682,-0.795364750835633,-0.64954238760773,"MT5147_Bgtw11.T2_gut"
"MT5147_Bgtw12.M_gut",-0.722419961323874,-0.795308133156786,-0.649531789490963,"MT5147_Bgtw12.M_gut"
"MT5147_Bgtw12.T1_gut",-0.722196214903136,-0.795026741203117,-0.649365688603155,"MT5147_Bgtw12.T1_gut"
"MT5147_Bgtw12.T2_gut",-0.72227845097905,-0.795123116936545,-0.649433785021555,"MT5147_Bgtw12.T2_gut"
"MT5147_Bgtw2.M_gut",-0.722093444438993,-0.794903751995759,-0.649283136882227,"MT5147_Bgtw2.M_gut"
"MT5147_Bgtw2.T1_gut",-0.722273258944237,-0.795138836391244,-0.649407681497229,"MT5147_Bgtw2.T1_gut"
"MT5147_Bgtw2.T2_gut",-0.722141906639191,-0.794960341270246,-0.649323472008135,"MT5147_Bgtw2.T2_gut"
"MT5147_Bgtw3.M_gut",-0.722342158685687,-0.795211200628822,-0.649473116742551,"MT5147_Bgtw3.M_gut"
"MT5147_Bgtw3.T1_gut",-0.722163295636322,-0.794987753489577,-0.649338837783067,"MT5147_Bgtw3.T1_gut"
"MT5147_Bgtw3.T2_gut",-0.72238210712498,-0.795270962993905,-0.649493251256055,"MT5147_Bgtw3.T2_gut"
"MT5147_Bgtw4.M_gut",-0.72255886503988,-0.795494973924194,-0.649622756155567,"MT5147_Bgtw4.M_gut"
"MT5147_Bgtw4.T1_gut",-0.722587237519747,-0.795540123212779,-0.649634351826714,"MT5147_Bgtw4.T1_gut"
"MT5147_Bgtw4.T2_gut",-0.722482534521157,-0.795390687235371,-0.649574381806943,"MT5147_Bgtw4.T2_gut"
"MT5147_Bgtw4.T3_gut",-0.722303564991596,-0.795168835916199,-0.649438294066993,"MT5147_Bgtw4.T3_gut"
"MT5147_Bgtw5.M_gut",-0.722163276899096,-0.794980448633981,-0.649346105164212,"MT5147_Bgtw5.M_gut"
"MT5147_Bgtw5.T1_gut",-0.723150795841671,-0.796288989576367,-0.650012602106975,"MT5147_Bgtw5.T1_gut"
"MT5147_Bgtw5.T2_gut",-0.72316830231402,-0.7963119159941,-0.65002468863394,"MT5147_Bgtw5.T2_gut"
"MT5147_Bgtw6.T2_gut",-0.722451326617018,-0.79534711613167,-0.649555537102365,"MT5147_Bgtw6.T2_gut"
"MT5147_Bgtw7.M_gut",-0.72246638747748,-0.795375192358964,-0.649557582595996,"MT5147_Bgtw7.M_gut"
"MT5147_Bgtw7.T1_gut",-0.722202369142936,-0.795037149491209,-0.649367588794664,"MT5147_Bgtw7.T1_gut"
"MT5147_Bgtw7.T2_gut",-0.722361820916764,-0.795237625278957,-0.64948601655457,"MT5147_Bgtw7.T2_gut"
"MT5147_Bgtw8.M_gut",-0.722221431650886,-0.795055060978643,-0.64938780232313,"MT5147_Bgtw8.M_gut"
"MT5147_Bgtw8.T1_gut",-0.722206055457269,-0.795034850974552,-0.649377259939986,"MT5147_Bgtw8.T1_gut"
"MT5147_Bgtw8.T2_gut",-0.72233047363171,-0.795192207437365,-0.649468739826054,"MT5147_Bgtw8.T2_gut"
"MT5147_Bgtw9.T1_gut",-0.722703048416234,-0.795683075399531,-0.649723021432937,"MT5147_Bgtw9.T1_gut"
"MT5147_Bgtw9.T2_gut",-0.72244349315603,-0.795343856915264,-0.649543129396796,"MT5147_Bgtw9.T2_gut"
"M1068_S10_tongue.dorsum",-0.721269562008092,-0.794465901404156,-0.648073222612027,"M1068_S10_tongue.dorsum"
"M1068_S1_tongue.dorsum",-0.721905400540985,-0.795365743831314,-0.648445057250655,"M1068_S1_tongue.dorsum"
"M1068_S4_tongue.dorsum",-0.723933725181951,-0.797596355503253,-0.650271094860649,"M1068_S4_tongue.dorsum"
